,债券简称,成交净价(元),最新收益率(%),涨跌(BP),加权收益率(%),交易量(亿)
0,20国开15,100.07,3.6900,-1.25,3.6909,
1,20浦发银行CD513,96.94,3.1500,,3.2803,
2,20国开10,94.99,3.7225,-1.75,3.7239,
3,20附息国债16,100.08,3.2600,-1.5,3.2606,
4,20国开12,99.84,3.3750,-2.0,3.3767,
5,20附息国债11,99.54,2.9200,-4.25,2.9406,
6,20附息国债14,99.76,2.9675,-3.8,2.9787,
7,20附息国债13,99.66,3.0950,-2.0,3.0983,
8,20附息国债06,95.32,3.2600,-2.25,3.2731,
9,20民生银行CD558,98.53,3.0000,,3.1542,
10,20国开07,99.55,3.1750,-2.5,3.1803,
11,20中国银行CD107,96.82,3.2797,,3.2705,
12,20附息国债15,100.11,2.7700,-6.5,2.8090,
13,20附息国债05,95.49,3.1200,-3.0,3.1326,
14,20附息国债12,99.82,3.8200,-0.5,3.8201,
15,20民生银行CD559,96.82,3.2797,,3.2883,
16,20国开03,99.45,3.3750,-1.5,3.4011,
17,20附息国债17,100.17,3.2525,-1.73,3.2614,
18,19国开03,100.10,3.2650,-2.75,3.2786,
19,20兴业银行CD507,99.22,3.2000,1.0,3.1986,
20,20国开02,97.10,3.1700,-2.5,3.1427,
21,20浦发银行CD432,99.27,2.9498,1.0,2.9474,
22,20附息国债09,98.47,2.9850,-4.75,2.9987,
23,20贴现国债50,99.35,2.6354,-0.5,2.6504,
24,20农业银行CD136,99.25,2.9414,1.0,2.9285,
25,20兴业银行CD521,96.90,3.2000,,3.2496,
26,19附息国债09,99.95,2.8000,43.2,2.4188,
27,20农业银行CD142,99.26,2.9001,-6.99,2.9282,
28,20国开08,97.92,3.3900,-1.0,3.3783,
29,18国开05,108.60,3.5000,-1.5,3.5064,
30,20农发04,94.08,3.7200,-2.0,3.7200,
31,20国开11,99.33,2.8400,0.01,2.8335,
32,20附息国债03,98.40,2.9900,-1.0,2.9753,
33,20国开01,99.97,2.6995,-5.04,2.7371,
34,20附息国债08,97.69,3.2500,-1.75,3.2587,
35,20农业银行二级01,94.89,3.7533,-0.13,3.7542,
36,20深圳地铁MTN003,100.00,3.6699,,3.6699,
37,20附息国债10,99.61,2.7850,-1.5,2.7975,
38,20贴现国债48,99.39,2.6297,-2.07,2.6412,
39,16农发03,100.02,2.7196,-5.1,2.7203,
40,20国开16,99.85,2.8800,-0.5,2.8823,
41,19农发06,100.24,3.7050,2.9,3.7186,
42,20平安银行CD317,96.82,3.2797,,3.2747,
43,20中电投SCP032,99.78,3.1411,-0.01,3.1456,
44,16国开06,100.02,2.7702,-1.02,2.7689,
45,20广东债97,99.90,3.5345,,3.5347,
46,20广州地铁SCP006,99.84,3.3376,3.75,3.3066,
47,19国开08,100.34,3.3125,-3.87,3.3295,
48,20建设银行CD101,98.58,2.9000,-10.01,2.9009,
49,19国开02,100.05,2.9772,-0.28,2.9770,
50,20贴现国债59,99.33,2.7098,-3.0,2.7608,
51,20北京银行CD166,96.73,3.3800,,3.3797,
52,20中信银行CD316,98.44,3.1698,,3.1698,
53,19工商银行永续债,99.62,4.5600,3.01,4.5512,
54,16进出06,100.09,2.9069,1.7,2.8819,
55,20江苏银行永续债,95.87,4.8826,-7.69,4.8826,
56,20沪电力SCP023,100.00,3.3797,,3.3797,
57,20进出007,99.87,2.8673,,2.7155,
58,20贴现国债56,99.32,2.7202,-2.97,2.7202,
59,20光大银行CD118,98.14,2.9498,,2.9498,
60,20恒丰银行CD430,99.18,3.3501,1.0,3.3501,
61,20农业银行CD017,98.30,1.7990,-20.06,1.7844,
62,20贴现国债55,99.30,2.8601,0.03,2.8586,
63,20工商银行二级01,99.25,4.2932,0.25,4.2932,
64,20浦发银行CD452,99.26,2.9584,-181.07,3.2688,
65,19国开10,99.72,3.6875,-0.25,3.6971,
66,19附息国债03,99.78,2.8700,-4.0,2.8926,
67,20民生银行CD343,98.51,3.3188,22.9,3.3001,
68,20中信银行二级,97.36,4.2057,1.24,4.2057,
69,18贵州债01,100.30,2.7897,-26.03,2.7897,
70,20北京农商银行CD196,99.36,1.7522,-14.74,1.7522,
71,20交通银行CD086,98.16,2.8898,-1.04,2.8898,
72,13附息国债18,103.86,2.5900,1.0,2.5900,
73,20进出13,100.29,3.2250,-5.5,3.2397,
74,19国开05,98.69,3.6700,0.06,3.6702,
75,19进出05,99.99,3.2800,-3.5,3.3020,
76,20哈尔滨银行CD302,99.13,3.4802,,3.4802,
77,18黑龙江04,100.55,2.8711,-1.03,2.8711,
78,20兴业银行CD432,99.26,2.9577,-7.77,2.9712,
79,20兴业银行CD424,99.27,2.9587,-7.83,2.9728,
80,20浦发银行CD456,99.25,2.9577,-7.75,2.9694,
81,20中国银行CD086,99.26,2.9057,-7.7,2.9172,
82,20中国银行CD083,99.26,2.9056,-7.74,2.9174,
83,16农发17,100.73,3.2100,-4.18,3.2110,
84,20贴现国债53,99.35,2.6249,-5.49,2.6272,
85,20贴现国债52,98.65,2.7600,-3.99,2.7613,
86,20招商银行永续债01,96.56,4.7998,0.83,4.7998,
87,16国开10,98.89,3.4092,-0.08,3.4075,
88,18国开08,100.45,2.7801,-4.98,2.8195,
89,20招商局港SCP004,99.63,3.4001,0.01,3.3470,
90,18附息国债21,100.31,2.7800,-1.5,2.7202,
91,17附息国债13,102.41,2.8400,1.0,2.8400,
92,20农业银行CD013,98.31,1.4994,-10.11,1.5570,
93,20广发银行二级01,98.89,4.4000,0.24,4.4000,
94,20中国银行二级01,99.25,4.2930,0.25,4.2928,
95,20中信银行CD317,96.82,3.2797,,3.2604,
96,20华夏银行CD460,98.44,3.1698,,3.1698,
97,19浙江债15,100.19,3.2000,,3.2000,
98,20农发01,99.95,2.8896,-1.4,2.8993,
99,20淮南矿SCP007,100.00,3.8196,,3.8196,
100,20杭州交投MTN002,100.00,4.1299,,4.1299,
101,20进出10,96.24,3.7150,-2.0,3.7274,
102,20国开06,99.38,2.8999,-5.01,2.9420,
103,20飞驰建普3A,100.00,,,,
104,16农发21,100.02,2.8901,-2.0,2.9011,
105,18进出04,100.48,2.8000,-8.01,2.8310,
106,18附息国债07,100.24,2.6300,-6.99,2.6300,
107,08国债13,111.31,3.2600,,3.2600,
108,20中铁建投MTN001,100.00,7.0083,,7.0083,
109,17邮储银行二级01,100.62,4.3812,0.93,4.3812,
110,20建设银行二级,99.26,4.2924,0.25,4.2924,
111,20中邮人寿,97.40,4.5841,0.13,4.5841,
112,19北湾银行绿色金融01,99.99,4.0000,4.0,4.0000,
113,15浙江债16,100.63,3.2860,,3.2885,
114,20平安银行CD299,99.21,3.1719,1.0,3.1719,
115,20冀交投MTN004,100.00,4.3999,,4.3999,
116,20农发03,99.35,2.9300,1.0,2.9439,
117,19附息国债11,99.71,2.9250,-4.5,2.9412,
118,20农发02,97.83,3.1900,-2.82,3.2081,
119,19附息国债13,99.60,3.0500,-2.0,3.0516,
120,16农发08,99.94,3.3800,-2.0,3.3920,
121,19附息国债15,98.88,3.2750,-1.0,3.2783,
122,20浦发银行CD130,98.47,1.6499,-35.0,1.6717,
123,20中色MTN004,100.00,7.4731,,7.4731,
124,19国开14,99.74,3.1100,-3.0,3.1355,
125,18农发09,100.62,2.8600,-4.01,2.8640,
126,18附息国债09,100.64,2.8800,-2.0,2.8899,
127,20象屿SCP023,100.00,3.6896,,3.6896,
128,17附息国债04,101.90,3.0589,1.22,3.0589,
129,20光大银行永续债,99.10,4.8096,1.45,4.7939,
130,20贴现国债54,98.63,2.7801,-1.99,2.7904,
131,20中国银行CD024,98.09,2.9399,-12.0,2.9399,
132,20农业银行CD019,98.34,1.6010,-10.01,1.5970,
133,20成都农商银行CD050,99.34,1.6974,-10.09,1.6974,
134,14附息国债12,104.13,2.7600,4.0,2.7289,
135,20农发05,95.44,3.3900,-1.25,3.3973,
136,18农发13,100.85,3.2400,-2.0,3.2456,
137,15历城债,40.26,4.3198,,4.3198,
138,20江苏银行CD221,96.85,3.2500,3.0,3.2840,
139,20南电MTN008,95.51,3.8100,-6.0,3.8184,
140,20洛银租赁债,99.98,4.3061,0.65,4.3061,
141,19中国银行永续债01,100.63,4.2756,-17.44,4.4280,
142,18三峡银行绿色金融01,99.99,3.9700,21.29,3.9572,
143,18上海债02,100.44,3.1350,,3.1350,
144,15江苏债26,101.06,3.0017,1.13,3.0017,
145,20南通城建SCP003,99.97,2.7304,,2.7304,
146,20郑州银行CD101,97.20,3.1700,,3.1700,
147,20哈尔滨银行CD299,98.21,3.7015,1.31,3.7015,
148,19江苏债14,100.35,3.3683,,3.3667,
149,20平安银行CD146,98.81,2.9007,1.0,2.9007,
150,20厦门银行CD182,99.36,1.7010,,1.7010,
151,20中信银行CD119,98.81,2.9007,-2.4,2.9108,
152,20中国银行CD048,98.57,2.9798,-15.02,2.9798,
153,20上海农商银行CD049,97.69,3.3501,1.0,3.3501,
154,20华夏银行CD459,99.75,2.9270,,2.9270,
155,17附息国债01,100.02,2.8600,-2.0,2.8561,
156,16农发04,100.29,3.1700,-7.8,3.1821,
157,20农发10,100.52,3.7250,-0.5,3.7321,
158,15国开18,101.48,3.3950,-1.41,3.3694,
159,20宝武集团MTN001,96.94,3.6978,-2.42,3.6990,
160,20抗疫国债04,96.48,3.2900,1.0,3.2895,
161,20厦门农商行CD026,96.57,3.5497,,3.5497,
162,20农发清发01,98.97,3.1000,-2.0,3.1157,
163,20贴现国债51,99.36,2.6253,-6.27,2.6241,
164,20进出15,100.20,3.3841,-1.5,3.3922,
165,19国开15,98.00,3.7201,1.0,3.7120,
166,19农发08,100.64,3.5000,1.0,3.4979,
167,20民生银行CD182,97.85,3.0301,-8.99,3.0267,
168,19南京银行二级,98.21,4.2522,2.16,4.2522,
169,20桂林银行CD236,97.39,3.5700,-2.96,3.5700,
170,20盛京银行CD435,99.07,3.7798,,3.7798,
171,20平安银行CD222,98.40,3.5498,1.0,3.5498,
172,19乐山银行小微债01,100.00,4.1350,,4.1350,
173,19厦门银行03,100.03,3.7800,3.65,3.7800,
174,20廊坊银行CD444,99.14,3.4302,-1.95,3.4302,
175,19农发09,99.56,3.3651,0.53,3.3654,
176,20徽商银行CD137,98.15,3.8001,1.0,3.8001,
177,09附息国债11,102.25,3.0075,0.2,3.0075,
178,20农业银行CD109,99.36,1.4713,-12.96,1.5168,
179,18国开10,102.85,3.6000,-1.5,3.6005,
180,20国药控股SCP008,99.78,3.2800,0.79,3.2764,
181,20国开05,95.28,3.6800,-1.0,3.6961,
182,20进出05,98.25,3.3800,-2.0,3.4005,
183,20贴现国债49,98.64,2.7800,-2.01,2.7688,
184,20进出12,99.72,3.1175,-4.06,3.1333,
185,20农发07,99.53,3.2450,0.5,3.2485,
186,20闽冶金SCP005,99.74,3.4401,-19.07,3.4368,
187,20民生银行CD557,96.85,3.2500,1.0,3.2375,
188,20华夏银行CD463,98.44,3.1698,,3.1698,
189,20附息国债02,99.16,2.9300,-1.0,2.9255,
190,20广东债64,94.44,3.5795,0.45,3.5753,
191,20厦翔业SCP014,99.97,3.2770,,3.2586,
192,20进出14,99.83,2.9123,-15.77,2.9190,
193,18农发12,100.40,2.8600,-4.0,2.8980,
194,19农发04,100.64,3.3000,-7.0,3.3304,
195,20农业银行CD075,98.60,2.8802,-7.97,2.8873,
196,20南京交建SCP005,99.46,3.5500,,3.4843,
197,20平安银行永续债01,96.54,4.7733,2.38,4.7733,
198,20交通银行01,99.11,3.5300,-3.0,3.5295,
199,20浙商银行CD116,99.24,3.0998,,3.0891,
200,19民生银行永续债,100.60,4.6500,-3.0,4.6646,
201,20农业银行CD083,98.57,2.9501,-2.99,2.9715,
202,20农业银行CD144,97.70,3.1401,-2.99,3.1115,
203,20农业银行CD128,97.72,3.0999,-11.01,3.1114,
204,20华夏银行CD461,98.44,3.1698,,3.1698,
205,16河北债14,100.00,2.8499,,2.8499,
206,20招银和信1优先A,1.88,,,,
207,20福州城投MTN005,100.00,4.1399,,4.1399,
208,17国开01,101.71,3.2550,-4.5,3.2560,
209,20附息国债04,92.13,3.8398,-0.02,3.8357,
210,20进出03,97.68,3.2200,1.0,3.2209,
211,20贴现国债60,98.64,2.7601,-17.61,2.7983,
212,20贴现国债44,99.44,1.4989,1.0,1.4688,
213,20株洲城建SCP004,100.00,3.8596,,3.8595,
214,18北辰实业MTN001,100.46,8.1361,-0.07,8.1274,
215,20中原银行CD425,98.38,3.2996,,3.2996,
216,20晋商银行CD023,97.31,3.2601,1.0,3.2601,
217,20广铁绿色债04,100.00,3.5998,,3.5999,
218,16国开13,97.74,3.4908,-0.42,3.4936,
219,19中油股MTN001,100.04,3.4351,-1.49,3.4351,
220,19进出03,99.95,3.0027,-3.73,3.0381,
221,20中电路桥MTN001,100.00,7.6667,,7.6667,
222,18民生银行02,100.52,3.2300,-17.0,3.2284,
223,20晋江国资MTN004,100.00,4.4999,,4.4999,
224,20农业银行永续债01,95.44,4.6400,-1.0,4.6396,
225,20盛京银行CD434,99.07,3.7799,13.72,3.7799,
226,20交通银行CD049,97.90,3.0200,-13.99,3.0200,
227,14进出76,103.44,3.4200,,3.3958,
228,20恒丰银行CD423,99.19,3.2998,19.99,3.2665,
229,20江苏银行CD224,96.85,3.2500,-14.97,3.2666,
230,18附息国债13,102.14,3.0900,1.5,3.0900,
231,20兴业银行CD160,97.74,3.0601,-5.98,3.0534,
232,20江苏银行CD117,97.66,3.4521,66.34,3.4521,
233,20长沙银行CD141,99.36,1.7522,-4.93,1.7522,
234,20恒丰银行CD348,98.47,3.1201,,3.1201,
235,20青岛农商行CD203,98.38,3.2996,,3.2996,
236,19招商银行CD203,96.99,1.4677,-23.46,1.4677,
237,20成都银行CD224,99.35,1.7519,-24.72,1.7519,
238,20邯郸银行CD393,99.17,3.2802,-16.95,3.2802,
239,18中海地产MTN001,100.33,3.3203,-22.07,3.3203,
240,20杭州银行CD167,98.56,2.9198,,2.9198,
241,18农发08,102.61,3.2390,-0.1,3.2390,
242,17附息国债22,108.24,3.7881,-0.41,3.7881,
243,18国开11,101.40,3.1984,-3.32,3.2195,
244,20中电信SCP015,99.99,2.0017,-19.64,1.9945,
245,19国开04,101.40,3.3808,-1.92,3.4241,
246,20浦发银行CD221,98.11,2.8899,72.14,2.6654,
247,19附息国债06,100.16,3.2675,-0.25,3.2685,
248,19附息国债02,99.92,2.7801,-1.97,2.7753,
249,19上海银行二级,99.28,4.2773,-4.76,4.2773,
250,20中国银行永续债02,99.43,4.6794,-0.06,4.6796,
251,18国开04,103.22,3.1982,-0.36,3.1525,
252,20大庆城投MTN003,98.97,6.8926,39.28,6.8926,
253,19进出10,101.12,3.7000,-0.08,3.7000,
254,18附息国债02,100.12,2.4799,-1.98,2.4799,
255,20国药控股SCP009,99.94,3.3201,1.0,3.3469,
256,20胶州专项债01,100.25,4.8553,-15.64,4.8888,
257,20江苏银行CD196,96.84,3.2500,-5.0,3.2500,
258,19河南18,100.35,3.2300,,3.2300,
259,20附息国债01,99.96,2.7396,2.96,2.7338,
260,20江苏银行CD226,96.71,3.3997,,3.3997,
261,20深燃气SCP001,99.90,3.4299,2.83,3.4345,
262,20农业银行CD078,98.59,2.9202,-13.01,2.8740,
263,20深能源SCP002,99.88,3.1726,-0.02,3.1784,
264,20浦发银行CD121,98.34,1.6000,-29.99,1.6006,
265,20华夏银行CD388,99.12,4.0454,104.55,4.0454,
266,20浦发银行永续债,100.00,4.7489,-0.04,4.7489,
267,20广发银行CD233,99.28,2.9202,1.0,2.9081,
268,18宁波银行01,100.57,2.9999,-3.36,2.9810,
269,20浙商银行CD075,99.38,1.7494,-20.12,1.7022,
270,16铁道11,98.22,3.6885,,3.6893,
271,20河北银行CD106,99.73,3.1720,,3.1720,
272,20渤海银行CD497,99.74,3.0868,,3.0868,
273,20平安银行CD284,99.26,2.8999,-22.01,2.8999,
274,20汇丰银行CD047,97.55,3.3497,,3.3497,
275,20杭州银行CD236,99.73,3.1613,,3.1613,
276,20天津银行CD391,99.73,3.1933,,3.1933,
277,16国新控股MTN001,99.90,3.4051,-5.24,3.3982,
278,20沪地产02,99.14,3.7900,31.01,3.7900,
279,15河南债03,100.87,2.9450,,2.9450,
280,20邮储银行永续债,96.16,4.7000,-20.9,4.7000,
281,19农业银行永续债02,98.87,4.5300,-0.99,4.5268,
282,19进出06,100.31,3.1400,-3.0,3.1188,
283,19辽宁债10,100.10,4.0440,,4.0408,
284,20苏交通SCP035,99.87,3.0999,-5.02,3.0999,
285,18国开14,103.34,3.3925,-0.66,3.3958,
286,20民生银行CD148,97.61,2.9500,1.0,2.9500,
287,13国开31,102.32,3.2200,-2.16,3.2346,
288,13国开40,103.81,3.2302,0.12,3.2302,
289,20昆仑租赁债01,96.72,3.9500,-25.0,3.9500,
290,20进出08,99.70,2.8300,-0.59,2.8356,
291,20浦发银行CD469,97.66,3.2000,-4.0,3.1545,
292,20武汉农商行CD031,98.72,1.9500,,1.9735,
293,16晋江城投债,59.46,3.9012,3.64,3.9012,
294,20中石油MTN003,96.81,3.8100,-2.0,3.8167,
295,20福建海峡银行CD173,96.53,3.5996,,3.5996,
296,19交通银行01,99.89,3.4100,-1.32,3.4102,
297,19附息国债10,100.52,3.8300,-1.0,3.8330,
298,16中核工MTN001,100.00,6.3760,-0.22,6.3760,
299,20进出673,99.47,1.4981,,1.4984,
300,16黑龙江债02,99.98,2.7791,-6.5,2.7791,
301,19附息国债16,99.84,3.1500,1.0,3.1291,
302,20广州高新MTN004,100.00,7.9571,,7.9571,
303,20交通银行永续债,100.00,4.5860,-11.4,4.6012,
304,16农发16,100.13,2.8499,0.27,2.8425,
305,17光大银行二级02,101.43,4.4456,0.67,4.4456,
306,20鲁高速SCP006,99.58,3.2327,-0.74,3.2327,
307,20光穗中铁ABN001优先,97.64,,,,
308,19贵阳银行二级,100.03,4.8610,-13.94,4.8610,
309,20浙商银行CD027,97.29,3.1001,-7.99,3.1001,
310,20中航租赁SCP015,100.00,3.5996,,3.5959,
311,18新疆债14,101.62,3.1550,,3.1525,
312,20中电路桥SCP013,99.86,3.2996,-5.02,3.2996,
313,18国开12,100.55,2.9001,1.0,2.9055,
314,20东航股SCP030,99.85,3.1298,-32.0,3.1298,
315,20华安证券CP003,99.98,3.3898,9.07,3.3898,
316,20西安银行CD099,97.52,3.3897,,3.3897,
317,20光大银行CD271,97.70,3.1300,-9.0,3.1300,
318,20江苏银行CD220,96.84,3.2600,-4.0,3.2400,
319,19北京银行CD130,96.97,1.6007,-101.91,1.6007,
320,20华融湘江银行CD163,97.13,3.9499,-0.29,3.7799,
321,20厦门国际银行CD168,97.55,3.3497,,3.3497,
322,19陕延油MTN010,99.71,3.6700,-5.45,3.6689,
323,20宁波银行CD214,99.81,1.6512,-34.81,1.6512,
324,18泉州银行,100.29,3.6900,-1.44,3.6894,
325,20苏交通SCP032,99.81,3.1999,-0.03,3.1999,
326,20中石油MTN001,98.20,3.5800,-4.27,3.6181,
327,20厦门银行CD240,98.12,3.9000,1.0,3.9000,
328,18附息国债11,103.22,3.2000,-1.67,3.2000,
329,20伟驰PPN002,100.00,5.1997,,5.1997,
330,20浦发银行CD478,97.68,3.1699,-0.01,3.1699,
331,20中国银行CD028,97.25,3.0829,-6.72,3.0829,
332,20交通银行CD009,97.15,2.8498,-37.05,2.8498,
333,20交通银行CD088,98.92,1.5467,-25.14,1.5467,
334,20民生银行CD191,97.84,3.0201,-17.99,3.0201,
335,20江苏银行CD222,96.86,3.2399,-88.4,3.2399,
336,20徽商银行CD046,98.87,1.7999,10.04,1.7999,
337,20汉口银行CD048,98.83,1.7802,-6.86,1.7802,
338,20平安银行CD273,98.51,3.0000,,3.0000,
339,18兴业租赁债02,100.46,3.4700,-20.0,3.4700,
340,20民生银行CD488,97.71,3.1200,-14.0,3.1200,
341,20招商银行CD010,97.17,2.8997,-20.01,2.9248,
342,20广州农村商业银行CD066,98.86,1.7013,-9.74,1.7013,
343,20民生银行CD527,99.21,3.1798,8.97,3.1798,
344,20兴业银行CD245,98.03,3.0000,-13.01,3.0000,
345,20平安银行CD229,99.38,1.5511,-44.95,1.5511,
346,18建元22A2_bc,96.46,,,,
347,14国开22,105.69,3.3500,-4.0,3.3847,
348,18农发06,106.71,3.5994,-0.56,3.5992,
349,20齐鲁银行CD060,98.19,3.7000,,3.7000,
350,20进出11,100.08,3.7300,1.0,3.7164,
351,20岳阳建投MTN001,100.00,4.7199,,4.7199,
352,20广州农村商业银行CD106,96.83,3.2800,-6.99,3.2800,
353,20扬州经开SCP002,100.00,3.9696,,3.9696,
354,20进出06,99.66,2.7483,-3.18,2.7785,
355,20徽商银行CD083,97.70,3.1499,-23.01,3.1499,
356,20西湖投资PPN001,98.21,3.8865,-0.03,3.8865,
357,17中国银行二级01,101.55,4.1800,-7.76,4.1800,
358,19华夏银行CD509,97.02,1.7992,-10.14,1.6887,
359,20大众交通SCP002,99.81,3.5200,-1.41,3.5180,
360,14国开03,100.27,2.7050,-4.51,2.7243,
361,20农业银行CD016,97.46,3.0999,7.99,2.9271,
362,20越秀集团SCP008,99.84,3.1294,-2.08,3.1383,
363,20浦发银行CD375,98.56,2.8902,-9.97,2.9558,
364,20瓯海农商行CD056,98.33,3.4000,,3.4000,
365,20渤海银行CD336,98.39,3.6300,-27.01,3.6300,
366,14铁道01,106.71,3.6000,5.0,3.5910,
367,18远洋集团MTN002,100.39,3.4101,-2.98,3.3813,
368,20农业银行CD147,96.92,3.1700,-13.0,3.1614,
369,20交通银行CD046,97.97,2.9801,1.0,2.9085,
370,20民生银行CD511,96.91,3.1800,-13.26,3.2314,
371,20农发06,99.56,2.8699,-2.01,2.8849,
372,20华夏银行CD028,97.18,2.9198,-23.54,2.9199,
373,20天成租赁SCP013,99.84,3.7001,,3.7117,
374,20太原国投MTN001,100.00,4.4996,-0.02,4.4994,
375,13铁道01,103.35,3.6000,10.0,3.6000,
376,16赣州开投PPN001,100.16,5.0446,-30.31,5.0446,
377,18农业银行二级01,101.49,4.2068,-6.31,4.2093,
378,20渤海银行小微债,100.05,3.5234,-28.72,3.5407,
379,20常熟农商小微债01,98.31,3.7524,0.24,3.7500,
380,20华夏银行CD037,97.22,2.9498,-8.0,2.9498,
381,19华润MTN002,100.14,3.8000,1.0,3.8000,
382,20淮安国投SCP001,100.00,3.7996,,3.7996,
383,18胶州湾PPN001,101.15,4.3291,20.92,4.3291,
384,19云城投MTN002,96.76,8.9206,1.28,8.9192,
385,20湖北银行CD078,97.33,3.6529,,3.5507,
386,20广州农村商业银行CD145,96.53,3.5929,,3.5929,
387,20华电股MTN003,97.42,3.6600,9.79,3.6800,
388,18川铁投MTN004,101.09,8.2411,-0.23,8.2403,
389,19华润MTN001,100.14,3.7982,-2.18,3.7957,
390,20临沂城发PPN001,97.62,4.5757,-0.03,4.5751,
391,20华能MTN002,98.87,6.1043,-4.11,6.1043,
392,20中电建设SCP002,100.00,2.2003,0.06,2.2003,
393,20上海债02,98.23,3.4000,-1.0,3.4017,
394,20民生银行CD518,97.66,3.1934,-5.65,3.1856,
395,18附息国债06,106.30,3.8450,1.0,3.8500,
396,16滇建工MTN001,99.91,8.1479,0.15,8.1479,
397,16兰州城投PPN003,99.89,4.2126,-4.0,4.2126,
398,19新田投资PPN001,100.00,5.4294,,5.4294,
399,20渤海银行CD448,98.47,3.1150,-8.48,3.1150,
400,20晋商银行CD163,99.34,1.8505,-0.08,1.8157,
401,20济南轨交SCP003,99.72,3.6757,-0.43,3.6757,
402,20九鼎租赁债,100.05,4.1800,-1.98,4.1800,
403,20长沙农商银行CD066,98.34,3.3796,,3.3796,
404,20昆仑银行CD191,96.67,3.4497,,3.4497,
405,20武汉农商行CD067,99.81,2.0502,4.95,2.0502,
406,20中国银行CD008,97.90,3.0199,,3.0199,
407,20浙商银行CD034,98.90,1.6509,4.03,1.6739,
408,20华夏银行CD184,98.95,1.5507,,1.5507,
409,20中信银行CD309,96.91,3.1767,-11.33,3.1856,
410,20农业银行CD152,97.72,3.1000,-14.0,3.1000,
411,20上海银行CD286,98.12,3.9001,1.0,3.9001,
412,20渤海银行CD496,98.39,3.2797,,3.2797,
413,19海通证券金融债01,99.64,3.6000,-5.0,3.6000,
414,20长沙银行双创债,100.01,3.7400,30.3,3.7400,
415,16鲁重工MTN001,100.20,3.3485,-27.89,3.3485,
416,20重庆银行CD183,99.83,1.6501,-45.03,1.6501,
417,20贵阳银行CD169,96.62,3.4996,,3.4996,
418,20民生银行CD351,97.03,3.1200,-1.0,3.1200,
419,20浦发银行CD040,97.23,2.8998,-19.0,2.8998,
420,18甘肃13,103.97,3.1490,-13.1,3.1490,
421,18鲁黄金PPN003,101.25,8.9502,6.81,8.9502,
422,16黑龙江债04,99.25,3.3337,0.01,3.3337,
423,19四川04,99.98,3.1945,0.72,3.1945,
424,20珠海华润银行CD033,97.45,3.3401,1.0,3.3401,
425,20农业银行CD039,97.26,3.0700,-10.99,3.0633,
426,20重庆农村商行CD146,98.88,1.7493,1.0,1.7494,
427,20民生银行CD525,96.90,3.1900,-14.0,3.1900,
428,18冠城大通MTN001,100.00,7.5929,20.98,7.5155,
429,19附息国债04,100.66,2.9750,-2.5,2.9786,
430,20南昌城投SCP003,99.95,3.6004,1.0,3.6004,
431,20华西证券CP009,100.00,3.1495,-0.02,3.1495,
432,17国开06,101.21,3.0800,-1.77,3.0934,
433,16赣州开投PPN002,100.40,5.4000,-17.0,5.4000,
434,20进出09,99.77,2.8799,-2.0,2.8868,
435,18山东14,100.59,2.9392,9.57,2.9392,
436,20贵阳银行CD077,98.85,1.6982,-20.36,1.6982,
437,18浦发银行二级02,101.96,4.6508,0.54,4.6493,
438,20珠海港SCP023A,99.90,3.7500,1.0,3.7498,
439,16遵红城投债,56.69,9.0709,,9.0709,
440,18余姚城投MTN004,100.57,8.4431,-0.21,8.4431,
441,17杭州银行二级,101.02,4.6158,0.43,4.6158,
442,16邵阳湘商项目债,75.48,8.9831,,8.9831,
443,19广东债01,99.98,3.1950,,3.1950,
444,18余旅游,101.56,4.9620,17.2,4.9620,
445,18进出02,100.23,2.7112,-3.9,2.7473,
446,18华融二级资本债01,101.31,4.7998,0.04,4.7998,
447,20贴现国债58,99.26,3.0014,26.15,2.8991,
448,15附息国债23,99.37,3.1300,1.0,3.1300,
449,20平安租赁SCP011,99.86,3.4001,-8.0,3.4037,
450,20国开20,98.83,3.9858,0.11,3.9805,
451,18山东15,100.59,2.9392,3.52,2.9392,
452,20巨石SCP008,99.78,3.4699,1.0,3.4427,
453,20农业银行CD022,97.54,2.9000,-11.8,2.9000,
454,20巨石SCP005,99.60,3.3998,-1.01,3.3998,
455,20电网SCP028,99.61,3.0000,1.0,3.0000,
456,20东航SCP013,99.84,3.1503,1.0,3.1443,
457,20中建八局SCP007,99.95,2.5493,-0.02,2.5493,
458,19兴业银行CD518,97.02,1.6498,-20.11,1.6498,
459,20招商银行小微债01,99.94,3.5000,-8.18,3.5040,
460,20浦发银行CD124,97.62,2.8499,-156.2,2.8499,
461,18湖北科投MTN001BC,103.75,4.1720,-10.34,4.1720,
462,20江苏紫金农商行CD154,98.36,3.3498,,3.3498,
463,17进出03,103.25,3.5200,-8.0,3.5334,
464,20中原银行CD117,97.68,3.1901,1.0,3.1901,
465,16附息国债23,97.59,3.1500,1.0,3.1408,
466,19农发清发01,100.09,2.8899,-4.02,2.8937,
467,18京城投MTN002A,100.00,7.7361,0.1,7.7361,
468,16国开07,100.14,3.1700,-2.19,3.1791,
469,20金融街MTN002,100.44,3.9798,-0.73,3.9768,
470,18进出03,103.75,3.1200,0.19,3.1198,
471,17工商银行二级02,101.57,4.1838,-6.29,4.1838,
472,17银川通联MTN001,101.00,4.3961,-0.77,4.4003,
473,20电网CP002,99.86,3.0100,-27.2,3.0100,
474,20中车SCP023,99.98,1.9005,-40.0,1.9005,
475,16农发13,100.03,2.8201,-7.98,2.8201,
476,20永煤PPN001,43.20,60.4765,5179.64,60.9395,
477,19农发07,100.02,3.0975,-7.25,3.0986,
478,20苏州高新SCP027,99.55,3.5599,12.99,3.5572,
479,19进出08,100.12,3.1600,1.0,3.1448,
480,17成交投MTN001,101.81,7.5045,-0.97,7.5094,
481,20福州交投SCP003,99.88,3.6786,,3.6641,
482,20三一重工SCP006,99.82,3.3797,1.0,3.3461,
483,20建设银行CD088,98.54,2.9498,-154.63,2.9046,
484,19招商证券金融债01BC,99.76,3.5800,-2.0,3.5787,
485,17国开10,102.78,3.5400,-1.0,3.5370,
486,20深圳农商永续债,94.03,5.7900,-4.34,5.8219,
487,17绵阳投资MTN001,102.51,8.6060,-1.92,8.6059,
488,16万盛停车场项目NPB,37.44,13.0002,293.98,11.3566,
489,18京国资MTN004,101.50,3.7482,-8.89,3.7493,
490,16进出03,99.67,3.3991,1.0,3.3982,
491,16贵州高速MTN001,100.38,3.7219,-1.41,3.7258,
492,20珠海九洲SCP005,100.00,3.8996,,3.8996,
493,20平安不动MTN001,97.15,3.4818,-0.16,3.4824,
494,20进出07,98.45,3.5400,-3.0,3.5465,
495,19国开07,100.13,3.0772,-1.28,3.0948,
496,20长电(疫情防控债)MTN001,98.46,3.6672,1.0,3.6687,
497,18光明MTN005,100.59,3.3500,-6.34,3.3800,
498,20东航股SCP028,99.77,3.1501,-0.97,3.1336,
499,20青岛银行CD053,97.72,3.1001,-13.98,3.1001,
500,19威高MTN001,99.62,6.7882,,6.7882,
501,20沣盈永益ABN002优先,100.00,,,,
502,18附息国债27,99.83,3.2750,2.0,3.2756,
503,20兴业银行CD467,96.94,3.1400,-21.98,3.1400,
504,20兴业银行CD464,96.94,3.1400,-10.0,3.1400,
505,20兴业银行CD452,96.95,3.1200,-8.0,3.1200,
506,18大横琴MTN002,101.51,4.0300,-4.0,4.0300,
507,15福建债04,100.84,3.2601,,3.2601,
508,17建元6A2,77.45,,,,
509,20农业银行小微债01,96.82,3.4100,-7.0,3.4094,
510,20浦发银行CD111,97.52,2.8999,-20.01,2.8999,
511,19中国银行小微债01,100.03,3.2200,-2.0,3.2108,
512,18闽投MTN004,100.53,3.3668,-11.01,3.3684,
513,20光大银行CD253,97.72,3.0999,-22.01,3.0999,
514,20湖北银行CD076,99.18,3.3499,,3.3499,
515,18华润置地MTN001,100.48,3.2500,-1.19,3.2500,
516,20杭州高新PPN001,98.40,3.9090,-5.08,3.9090,
517,20兴业银行CD078,97.51,2.9001,-20.0,2.9001,
518,20富滇银行CD040,96.69,3.5598,-0.04,3.5598,
519,18越秀集团MTN001,103.18,3.6700,-12.22,3.6694,
520,16川港航PPN001,100.05,4.1861,,4.1861,
521,18厦门国际银行,100.51,3.3600,-9.0,3.4125,
522,20西安银行CD097,98.07,3.9500,1.0,3.9500,
523,19广发银行永续债,99.44,4.6600,-5.12,4.6600,
524,20平安银行CD276,98.50,3.0327,-14.41,3.0327,
525,20平安银行CD302,97.66,3.1931,-10.28,3.1931,
526,16国开18,100.51,2.9021,0.21,2.9001,
527,20兴业银行CD131,97.58,3.7649,66.49,3.3824,
528,20浙商银行CD113,98.97,4.2833,,4.2833,
529,17吴中城建债01,82.21,4.6418,,4.6418,
530,20徽商银行CD142,98.26,3.5501,25.05,3.5501,
531,20贴现国债45,99.46,1.3798,-12.1,1.3798,
532,20厦门银行CD265,99.23,3.1496,,3.1497,
533,20南航股SCP020,99.71,3.1197,-11.74,3.1642,
534,18恒力集MTN001,100.00,7.4889,-0.14,7.4884,
535,20平安银行CD291,97.69,3.1500,-10.0,3.1500,
536,20金龙湖PPN001,100.00,5.9798,,5.9798,
537,20平安银行CD030,97.18,3.0000,,3.0000,
538,18山东债07,101.44,3.1500,,3.1393,
539,20江苏江南农村商业银行CD166,98.45,3.1501,1.0,3.1501,
540,20江苏银行CD120,96.97,3.2000,1.0,3.2000,
541,19赣州城投MTN001,100.57,4.2223,-2.39,4.2201,
542,20贵阳银行CD026,97.27,3.2000,-3.01,3.2000,
543,20华夏银行CD411,97.69,3.1500,-9.0,3.1500,
544,20招银和家6C,100.27,,,,
545,20江苏银行CD214,96.93,3.1489,-18.11,3.1489,
546,16山西交投MTN001,100.27,8.6508,1.22,8.6507,
547,20融和融资SCP012,99.51,3.9000,1.0,3.8630,
548,20兴业银行CD353,96.60,3.7293,-0.29,3.7293,
549,19苏交通MTN002,100.48,3.4837,,3.4819,
550,18中电国际MTN001,100.56,3.4449,-5.99,3.4341,
551,20兴业银行CD388,99.37,1.5981,-25.23,1.5981,
552,20中信银行CD183,97.00,3.1450,-7.5,3.1450,
553,20中铝集SCP004,99.69,3.3999,-6.4,3.3999,
554,19北京银行CD129,96.94,1.6001,-9.77,1.6001,
555,20银河证券CP012,99.98,3.0998,-0.05,3.0998,
556,20中信银行CD251,97.70,3.1501,1.0,3.1475,
557,18苏国资MTN001,100.46,3.2699,2.0,3.2659,
558,20光大银行CD250,97.70,3.1501,0.01,3.1488,
559,18辽宁债01,100.32,2.7501,-11.0,2.7501,
560,20交通银行CD059,97.78,3.0299,-8.01,3.0699,
561,20宝钢SCP017,99.71,3.2001,0.02,3.2001,
562,20华兴银行永续债01,94.87,6.0571,,6.0571,
563,20兴业银行CD421,97.72,3.0999,-3.0,3.0999,
564,20重庆农村商行CD126,98.88,1.6603,,1.6509,
565,20浦发银行CD421,99.27,2.9500,1.0,2.9500,
566,20平安银行CD235,98.45,3.3001,1.0,3.3001,
567,20平安银行CD314,96.92,3.1768,-7.29,3.1784,
568,20交通银行CD052,97.89,3.0401,-24.99,3.0451,
569,20中信建投CP016,100.06,3.0498,-12.02,3.0427,
570,20宁沪高SCP023,99.49,3.2099,-30.01,3.2099,
571,20农业银行CD132,96.93,3.1499,-9.51,3.1499,
572,20兴业银行CD094,98.45,1.6497,-5.04,1.6497,
573,20中国银行CD082,97.70,3.1300,-20.0,3.1300,
574,20兴业银行CD301,97.02,3.1500,-4.01,3.1500,
575,20民生银行CD368,97.83,3.0000,-16.0,3.0000,
576,20江苏江南农村商业银行CD096,97.19,3.1500,-9.99,3.1500,
577,20北京银行CD154,96.85,3.2400,-8.0,3.2400,
578,20美的SCP003,99.84,3.3803,-16.97,3.3803,
579,20光大银行CD099,98.47,1.5994,-39.13,1.5994,
580,19招商局MTN001,100.05,3.8000,-5.87,3.7992,
581,20华夏银行CD097,98.47,1.5994,,1.5994,
582,20兴业银行CD092,98.39,1.6513,-34.83,1.6763,
583,20浦发银行CD072,97.29,2.9402,-5.98,2.9402,
584,20民生银行CD484,97.69,3.1500,-11.0,3.1500,
585,20重庆农村商行CD204,98.49,3.0800,-27.0,3.0800,
586,20华融湘江银行CD132,96.69,3.4231,-5.91,3.4231,
587,20平安银行CD248,99.29,2.8996,,2.9247,
588,20浙商银行CD089,97.67,3.1901,-13.99,3.1901,
589,20银河证券CP015,99.89,3.8502,50.04,3.8502,
590,20中国银行CD084,98.51,3.0001,1.0,3.0001,
591,20武汉农商行CD028,98.74,1.9789,,1.9789,
592,20汇金MTN009A,98.85,3.6500,-1.0,3.6500,
593,20昆仑燃气SCP001,99.81,3.4998,,3.4998,
594,20浙江债21,95.05,3.5700,,3.5750,
595,19光明MTN002,99.87,6.3895,-1.43,6.3895,
596,20川高速SCP009,100.06,3.2998,-23.99,3.2998,
597,20建设银行CD126,99.29,2.8998,-28.05,2.8998,
598,16中国华融债01,100.06,3.0628,,3.0501,
599,20大庆城投MTN002,100.00,6.1874,16.73,6.1874,
600,20农业银行CD076,98.59,2.9097,-16.04,2.9097,
601,20中原银行CD187,98.85,1.7500,,1.7500,
602,18鄂联投MTN002,103.67,4.1397,2.97,4.1397,
603,20厦门国际银行CD118,99.37,1.7491,-25.16,1.7491,
604,20连云港PPN001,99.05,5.3935,7.41,5.3935,
605,20兴业银行CD173,97.73,3.0001,-11.98,3.0001,
606,20兴业银行CD108,97.06,4.9613,-0.64,4.9613,
607,20大连银行CD285,99.16,3.4496,,3.4496,
608,17国开15,104.22,3.5200,1.0,3.5193,
609,18民生银行01,100.55,3.2300,-2.0,3.2404,
610,18中信银行二级01,101.98,4.6466,-0.1,4.6472,
611,19中信银行永续债,98.21,4.7000,-0.28,4.7000,
612,14衢州国资债,20.24,3.7129,-10.28,3.7220,
613,20诚通控股MTN001A,99.41,3.9258,-0.85,3.9270,
614,18金光纸业MTN001,99.77,7.7636,-38.64,7.7702,
615,20南航股SCP014,99.87,3.4602,1.0,3.4602,
616,15凯嘉债,99.98,8.7016,0.35,8.6904,
617,20天恒置业PPN003,99.55,4.5966,26.61,4.5116,
618,16附息国债06,99.38,3.0350,1.0,3.0358,
619,20宿迁经开SCP002,99.94,4.1987,1.0,4.1987,
620,15农发12,101.46,3.0822,-6.79,3.0984,
621,18天士力医MTN001,100.16,4.8100,-49.69,4.7999,
622,18中节能MTN001,100.83,3.5359,-7.99,3.5330,
623,19广州高新MTN001,98.90,4.1041,27.58,4.1041,
624,20昆仑银行CD182,98.12,3.9000,-25.0,3.9000,
625,20慈湖高新MTN001,99.00,5.2434,,5.2430,
626,14进出50,101.40,2.9000,-13.78,2.8908,
627,20未来科技SCP001,99.69,4.4174,48.75,4.4101,
628,18中联重科MTN001,100.57,4.2843,0.12,4.2843,
629,19汇金MTN016,98.78,3.8687,7.36,3.8537,
630,20金融街SCP003,99.87,3.3501,0.04,3.3501,
631,18洪山城投MTN003,100.00,5.9311,29.39,5.9311,
632,20交通银行CD038,97.56,2.9001,-18.98,2.9001,
633,19齐鲁交通MTN002,100.01,6.4494,,6.4494,
634,15宜城投债,40.62,4.1376,,4.1376,
635,20北京债34,100.00,3.8496,-0.04,3.8360,
636,16农发05,99.45,3.4500,3.89,3.4294,
637,16附息国债07,99.91,2.7900,-1.0,2.7829,
638,20浦发银行CD020,97.13,2.9103,-7.97,2.9572,
639,20兴业银行小微债01,96.98,3.5000,1.0,3.5000,
640,20首都机场SCP001,99.70,3.1399,-2.04,3.1495,
641,20国开09,99.00,3.5602,3.02,3.4397,
642,18天津29,100.55,2.9270,,2.9270,
643,16重庆农商二级,99.12,3.9685,15.26,3.9670,
644,18附息国债23,101.16,2.8600,-1.0,2.8600,
645,18光明MTN001,100.58,3.2800,-4.01,3.2784,
646,20孝感城投MTN002,99.51,4.5323,-1.77,4.5310,
647,20渤海银行CD499,99.23,3.1496,,3.1496,
648,20粤珠江MTN003,100.22,4.6080,-8.19,4.6771,
649,15国开16,101.28,3.0881,-6.19,3.0894,
650,14虞交通债,20.23,3.7806,20.11,3.7806,
651,20华电股MTN002B,97.50,5.9558,,5.9561,
652,20蓉城轨交GN002,99.99,3.9988,-6.06,3.9994,
653,19北汽新能MTN001,98.65,4.9744,,4.9572,
654,19宝龙MTN001,100.29,5.6724,-52.77,5.7148,
655,20平安银行CD036,97.22,2.9301,-17.97,2.9301,
656,20抗疫国债03,95.61,3.3100,1.0,3.3100,
657,15国开05,101.63,3.3800,-1.0,3.3875,
658,18上海12,100.72,2.8000,-1.0,2.7925,
659,18山东10,100.53,2.9257,-7.1,2.9257,
660,20民生银行CD481,96.88,3.2200,-58.0,3.2200,
661,16柳州投控债,59.18,5.4486,7.16,5.4443,
662,19太钢MTN002,100.47,3.8100,46.92,3.8113,
663,20潍坊银行CD070,96.37,3.7701,12.04,3.7701,
664,20潍坊银行CD059,98.30,3.4501,,3.4501,
665,19交通银行02,99.77,3.4700,4.0,3.4460,
666,20蓉高债01,99.14,3.9657,,3.9657,
667,20渝两江MTN002,100.07,3.6888,-10.53,3.6888,
668,20农业银行CD008,97.60,2.4801,-95.12,2.4801,
669,20青岛城投MTN004,100.19,4.0564,-4.35,4.0709,
670,20泉州银行CD093,99.16,3.4195,,3.4195,
671,16平安银行二级,100.34,3.7744,-7.54,3.7744,
672,16温城专项债02,60.73,4.0437,-0.63,4.0528,
673,20电网CP001,99.87,2.9900,-19.01,2.9900,
674,18保利房产MTN002,100.58,3.2926,-5.74,3.2975,
675,20昆仑银行CD183,97.13,3.9700,-3.0,3.9700,
676,18国开06,105.30,3.3825,-1.8,3.3813,
677,17蓉轨可续期01,102.09,4.3477,-25.58,4.3427,
678,20汉口银行CD131,99.23,3.0903,,3.0903,
679,20中化股SCP020,99.99,2.1492,-0.06,2.1492,
680,20泉州银行CD095,96.57,3.5497,,3.5497,
681,20荆门交旅MTN001,97.20,5.7575,,5.7575,
682,20渝高速SCP002,99.80,3.4594,,3.4594,
683,20青白江PPN001,100.00,6.9866,,6.9858,
684,20徽商银行CD143,96.80,3.2999,-9.98,3.2999,
685,18四川债21,103.97,3.1490,-12.1,3.1490,
686,18即墨城投PPN001,101.25,4.5204,20.48,4.5204,
687,19华电股MTN004B,99.50,6.2759,,6.2759,
688,17象屿MTN003,101.61,7.4849,0.26,7.4849,
689,20乐清农商银行CD065,98.33,3.4000,,3.4000,
690,16进出16,100.35,2.9350,-1.89,2.9350,
691,16上海债04,97.50,3.3000,-6.0,3.3150,
692,11附息国债23,107.78,3.9450,-0.02,3.9451,
693,20长沙银行CD207,96.69,3.4197,,3.4197,
694,20重庆钢铁MTN001A,98.99,5.1093,,5.1081,
695,20宿迁城投MTN002,96.86,4.6013,4.13,4.6000,
696,18国开03,100.42,2.7701,-3.0,2.7673,
697,19沪港务MTN002,99.83,3.4305,-3.7,3.4302,
698,18联发MTN001,100.42,3.7389,-0.53,3.7335,
699,18首钢MTN002,100.62,3.5500,-6.5,3.5500,
700,20珠海港股SCP008,99.65,3.7499,-6.0,3.7438,
701,17云南20,101.60,3.0100,,3.0100,
702,20北京银行CD145,96.84,3.2500,-7.07,3.2500,
703,20重庆交投MTN001A,97.23,3.9000,-2.0,3.9000,
704,20华电MTN001B,97.51,5.9391,,5.9389,
705,20浙商银行小微债02,97.66,3.5600,1.12,3.5600,
706,17沈阳地铁MTN001,100.83,5.8514,41.86,5.8419,
707,19赣高速MTN001,100.54,3.8585,-2.3,3.8595,
708,20重庆银行CD053,97.74,3.0601,-17.98,3.0601,
709,19中交建MTN003,99.77,6.3467,-1.21,6.3467,
710,19国网新源MTN001,100.18,3.6200,-21.42,3.6182,
711,19附息国债14,99.87,2.8300,4.97,2.8215,
712,18农发03,103.80,3.1081,-3.55,3.1116,
713,20汇金MTN007A,96.95,3.6022,-2.56,3.5844,
714,18农发11,102.72,3.3900,-1.0,3.3897,
715,20长沙银行CD205,98.41,3.2497,,3.2497,
716,18云南19,102.26,3.0339,-0.61,3.0339,
717,20上海银行CD293,98.43,3.1998,,3.1998,
718,20瑞丰银行CD100,99.18,3.3499,,3.3499,
719,18天津27,100.55,2.9270,,2.9270,
720,20进出666,98.95,1.8989,-0.53,1.9841,
721,20中信股SCP001,100.00,2.1985,-10.21,2.1985,
722,20浦银租赁债,99.67,4.0000,8.42,4.0000,
723,18汇金MTN013,100.55,3.2464,-5.36,3.2482,
724,18大唐租赁MTN001,101.05,3.9051,,3.9010,
725,20杭金投SCP008,100.19,3.5500,-4.56,3.5500,
726,20华侨城MTN005,99.59,6.6361,0.19,6.5776,
727,18越秀集团MTN002,102.37,3.7078,-4.22,3.7100,
728,20潍坊滨投MTN005,100.00,4.9632,9.59,4.9633,
729,16秦经开,57.62,6.6154,,6.6154,
730,15渝悦投债,40.45,4.7122,0.88,4.7142,
731,14孝城投债,20.24,4.1503,4.17,4.1503,
732,18闽高速MTN003,101.00,3.7900,-5.0,3.8164,
733,18广西债09,101.74,3.1400,1.0,3.1408,
734,18中铁股MTN001A,100.76,7.0245,0.24,7.0242,
735,20杭城投SCP002,99.94,3.3901,1.0,3.3901,
736,20济南城建MTN001,99.16,6.9926,12.84,6.9926,
737,16南昌城投MTN002,99.74,6.5680,2.0,6.5682,
738,20南京银行CD109,96.98,3.1600,-13.43,3.2122,
739,15东南债,40.67,4.2700,-5.22,4.2350,
740,16三峡MTN001,100.03,3.0135,-23.06,3.0135,
741,16余杭创新MTN001,100.19,3.5200,-5.73,3.5172,
742,20浦发银行CD137,97.68,2.9999,-0.01,2.9999,
743,20武清国资MTN002,100.07,5.3731,4.3,5.3731,
744,20潍坊银行CD082,98.28,3.5299,,3.5299,
745,20张江集SCP007,99.95,3.3403,-2.48,3.3276,
746,16浙商银行债,100.12,2.9499,-9.03,2.9499,
747,18华润医药MTN002,100.52,3.4334,-4.66,3.4300,
748,20江苏银行CD119,96.99,3.1700,-22.99,3.1700,
749,19日照港MTN002,100.31,7.7109,,7.7104,
750,18四川债26,103.96,3.1500,-12.0,3.1500,
751,20中信银行CD156,97.03,3.1301,1.0,3.1301,
752,20连云港PPN007,99.42,5.7174,21.81,5.7174,
753,19永煤PPN001,42.70,66.1768,,65.6664,
754,20成都银行永续债,97.40,5.4104,2.64,5.4106,
755,19电建东南ABN001优先,99.57,,,,
756,20海恒投资MTN001,100.00,4.4999,,4.4999,
757,18中交建融MTN001,100.75,3.8300,-3.0,3.7739,
758,20华泰证券CP009,100.01,2.0027,-9.99,2.0027,
759,20柳州东投PPN002,100.00,6.9798,,6.9798,
760,20银河证券CP011,100.01,2.0030,-19.59,2.0228,
761,16附息国债17,98.51,3.0292,-2.08,3.0337,
762,20农发08,100.21,3.4000,1.0,3.3971,
763,19湖北05,100.11,3.1900,-0.87,3.1900,
764,16农发11,100.06,2.8120,-0.79,2.8008,
765,20惠VABN004优先A1,100.00,,,,
766,20盛裕投资MTN001,99.70,5.1679,28.0,5.1686,
767,18中信天津MTN001,100.00,6.6178,-147.46,6.5922,
768,20粤科金融SCP002,99.72,3.4199,-7.08,3.4199,
769,20建设银行CD056,97.09,3.0800,-8.99,3.0800,
770,19中交建MTN002,100.14,3.5000,,3.5000,
771,19中煤能源MTN001,100.05,4.1766,-4.69,4.1758,
772,18兰州城投MTN002,103.08,4.2500,,4.2512,
773,20山西17,98.05,3.8550,-3.5,3.8550,
774,20五凌电力SCP001,99.63,3.3599,1.0,3.3599,
775,20渤海银行CD343,96.83,3.3300,,3.3300,
776,18华夏银行01,100.41,3.0819,-11.82,3.0859,
777,20贵州银行CD017,96.99,3.1901,-0.99,3.1901,
778,17建元7A2,70.60,,,,
779,17农发12,101.72,3.1482,-0.18,3.1491,
780,17广州交投MTN001,102.03,7.4930,0.08,7.4930,
781,20蓉城轨交GN001,98.01,3.9700,-3.0,3.9700,
782,20民生银行CD537,97.67,3.1799,-6.01,3.1679,
783,16南京银行02,100.17,3.2533,-22.65,3.2517,
784,20湘高速PPN003,97.51,4.2900,-1.0,4.2889,
785,20光大银行CD119,98.05,3.1002,11.01,3.1002,
786,20中信银行CD212,98.50,3.0999,20.0,3.0999,
787,20申迪MTN001,99.28,3.8400,-2.0,3.8387,
788,18云南08,100.34,2.8801,,2.8801,
789,20上饶城投PPN002,100.09,4.5321,-9.0,4.5306,
790,18国电集MTN003,100.42,3.0699,,3.0699,
791,16潍柴控股MTN001,100.07,3.4112,-0.77,3.4055,
792,20北京银行CD148,96.83,3.2600,-7.0,3.2600,
793,20光大证券CP013BC,100.02,2.0006,-34.89,2.0006,
794,20北京银行CD005,97.15,2.9300,-17.0,2.9300,
795,19吉利MTN002,99.36,4.2500,,4.2500,
796,20兰州城投CP001,99.50,3.7700,-2.2,3.7700,
797,14富春山居债,20.26,4.0449,8.09,4.0449,
798,14昆山交发债,20.27,3.7720,-2.8,3.7720,
799,15进出10,101.19,3.0900,-6.0,3.0890,
800,20中石油MTN002,96.88,3.7900,-8.0,3.8007,
801,20华夏银行CD438,97.69,3.1500,1.0,3.1500,
802,20宁沪高SCP024,99.49,3.9000,63.03,3.9000,
803,20民生银行CD530,99.25,2.9502,,2.9502,
804,16凯宏专项债,65.38,12.2000,,12.2000,
805,20华融湘江银行CD096,98.50,3.0000,,3.0000,
806,19淮南矿PPN001,99.21,4.6268,-1.32,4.6297,
807,20交通银行CD029,97.28,2.9499,-15.02,2.9499,
808,20申万宏源CP009BC,100.03,3.1502,1.49,3.1443,
809,20民生银行CD147,97.64,2.8501,-24.98,2.8501,
810,20中信银行CD282,97.05,4.1757,96.58,4.1757,
811,20新华报业MTN001,97.25,4.2200,,4.2200,
812,20兴业银行CD089,97.51,2.9502,-4.97,2.9502,
813,19南昌城投MTN002,101.74,4.0215,-20.82,4.0208,
814,19中信银行CD287,96.99,1.4982,5.03,1.4982,
815,18铜陵有色MTN002,100.40,4.1316,1.17,4.1179,
816,19中化工MTN001,100.04,3.8460,-5.88,3.8460,
817,20中化工(疫情防控债)MTN005A,97.71,4.1024,,4.1000,
818,20国网租赁SCP009,99.82,3.9204,16.99,3.9204,
819,20北京银行CD142,96.84,3.2500,-13.51,3.2500,
820,19江西银行CD104,96.96,1.6990,,1.6990,
821,18黑龙江09,101.70,3.1500,,3.1500,
822,17国开08,103.17,3.3700,0.56,3.3706,
823,18浙商银行01,100.71,3.3401,3.01,3.3401,
824,20深圳地铁SCP007,99.94,3.1880,-13.2,3.1801,
825,20渤海银行CD421,98.47,3.0800,,3.0800,
826,20久事MTN002,98.62,4.0618,1.2,4.0613,
827,20宁波银行CD113,98.79,2.9697,17.01,2.9697,
828,20华融湘江银行CD137,98.00,2.6269,-0.31,2.6269,
829,20湖北银行CD072,99.13,3.5836,-0.88,3.5836,
830,20光大银行CD274,96.87,3.2200,-15.0,3.2176,
831,20浦发银行CD394,96.96,3.1500,4.99,3.1500,
832,18四川债18,100.67,2.8901,-6.74,2.8901,
833,16西安高新MTN001,100.09,7.9202,0.51,7.9202,
834,14长沙土开债,20.18,3.8254,-6.16,3.8254,
835,14渝中债,20.13,3.9268,-17.39,3.9268,
836,20中信银行CD170,97.01,3.1500,-10.0,3.1500,
837,20华发集团SCP020,99.62,3.8100,-1.56,3.8100,
838,16公安城投债,58.83,5.5200,-4.13,5.5227,
839,20三一重装SCP001,99.71,3.9061,,3.9031,
840,20光大集团SCP022,99.87,3.0502,-34.98,3.0502,
841,20银河证券CP013,99.99,3.0799,-0.02,3.0799,
842,16农发09,101.49,3.7700,-2.0,3.7700,
843,20民生银行CD550,98.53,2.9800,,2.9800,
844,19上海10,99.82,3.2200,21.8,3.2175,
845,17宜昌城投债,105.51,4.4219,,4.4210,
846,20中信银行CD008,97.22,2.9301,-25.71,2.9301,
847,20邮政SCP008,99.84,3.0302,,3.0302,
848,20连云港SCP008,99.82,4.3500,,4.3500,
849,20中粮SCP006,99.64,3.3156,-0.44,3.3156,
850,20浙江瑞安农商行CD050,97.51,3.4000,,3.4000,
851,20光大银行CD091,97.50,2.9302,1.0,2.9302,
852,17江苏债03,100.72,2.9300,1.0,2.9300,
853,20浦发银行CD297,97.03,3.1301,-3.99,3.1301,
854,12附息国债04,100.29,3.2632,82.76,3.2636,
855,17陕交建MTN001,102.11,3.8228,-0.86,3.8214,
856,20建设银行CD016,97.36,2.9801,-26.99,2.9801,
857,19中航集MTN001,100.19,3.8300,,3.8291,
858,16甘肃债08,99.76,2.9500,,2.9500,
859,19中航集MTN002,100.14,3.9015,-9.85,3.9000,
860,20华夏银行CD453,99.09,3.8000,69.99,3.8000,
861,20柳钢集团SCP003,100.00,2.6022,-79.68,2.6022,
862,20昆仑银行CD132,97.75,3.1499,,3.1499,
863,20中信银行CD039,97.37,3.8999,97.0,3.4149,
864,20浙商银行CD073,99.38,1.6494,-15.07,1.6494,
865,20陆金开SCP001,100.01,2.1513,-14.9,2.1513,
866,18陕交建MTN003,101.09,8.0192,0.03,8.0188,
867,20银河证券CP014,100.00,3.0503,-17.95,3.0503,
868,20建设银行双创债,100.10,3.4600,-7.81,3.4600,
869,20中电投MTN013,100.50,6.2704,-9.57,6.2703,
870,19中石油MTN006,99.32,3.7700,-3.0,3.7693,
871,20广发银行CD161,99.38,1.5479,-5.03,1.5479,
872,19鄂交投MTN005,99.70,4.0314,1.19,4.0307,
873,20启东城投PPN001,97.44,4.9005,33.38,4.9004,
874,20蓝光MTN003,96.40,9.1543,,9.1552,
875,19武进经发PPN003,100.11,4.4900,-0.73,4.4889,
876,19渤海银行CD488,96.90,1.8000,,1.8000,
877,20广州银行CD092,99.82,1.6997,-29.98,1.6997,
878,16株洲城建MTN002,99.59,6.6127,1.52,6.6124,
879,20东北证券CP008,100.00,3.3079,-12.46,3.3079,
880,20江苏银行CD200,96.83,3.2601,-3.99,3.2601,
881,20广发银行CD210,98.51,3.0001,-13.99,3.0001,
882,20光大证券CP014BC,100.03,3.0502,-10.01,3.0502,
883,20交通银行CD028,97.29,2.9500,-8.99,2.9500,
884,20乐清农商银行CD067,99.18,3.3502,,3.3502,
885,20昆明轨道SCP005,99.76,3.9999,,3.9999,
886,20中信建投CP015,100.01,3.0502,-9.96,3.0502,
887,16上海11,99.04,3.1600,-7.5,3.1600,
888,20贵州修文农商银行CD041,96.25,3.9000,,3.9000,
889,20保利发展MTN005,100.35,3.8500,-3.0,3.8491,
890,20国联MTN002,98.51,4.0507,-20.93,4.0507,
891,20首钢SCP006,99.72,3.3700,-6.0,3.3700,
892,20嘉兴银行CD081,99.16,3.3299,-11.03,3.3299,
893,20深投控MTN001,98.41,3.6846,-11.54,3.6846,
894,20国药控股SCP007,100.03,2.0998,-39.99,2.0998,
895,15沪公积金2A,2.02,,,,
896,19汇金MTN009,100.04,3.4136,-5.0,3.4118,
897,20长安银行CD026,96.65,3.4500,,3.4500,
898,20皖投集CP001,99.80,3.3201,-24.04,3.3201,
899,20民生银行CD495,97.69,3.1500,-10.01,3.1500,
900,20广晟SCP006,99.61,3.5634,-1.5,3.5634,
901,20民生银行CD247,97.55,3.1299,,3.1299,
902,20民生银行CD226,97.66,3.1399,-18.01,3.1399,
903,20东航股SCP011,100.00,2.2022,1.0,2.2022,
904,20西安哄PPN001,100.00,7.1990,,7.1994,
905,20宁波奉化农商行CD020,98.31,3.4500,,3.4500,
906,16重庆债19,99.54,2.9600,-18.99,2.9600,
907,18中铝MTN002,100.80,9.2789,12.08,9.2792,
908,20柯桥建投MTN002,99.00,4.7425,,4.7425,
909,20华菱集团SCP002,99.96,3.2003,-20.94,3.2003,
910,20北京银行CD091,96.98,3.1600,-27.0,3.1600,
911,20饶城投绿债02,100.19,4.9983,6.83,4.9989,
912,18凤凰传媒MTN001,100.31,3.2229,-4.97,3.2229,
913,14港中旅MTN002,101.58,3.3999,-20.51,3.4019,
914,20瑞丰银行CD094,99.30,1.8015,-14.62,1.8015,
915,20南电MTN007,95.76,3.8100,-3.0,3.8094,
916,16中广核MTN001,100.11,3.3000,-15.01,3.2963,
917,20上海农商银行CD010,97.11,2.9198,-14.01,2.9198,
918,19中信银行CD284,96.99,1.5470,-15.53,1.5470,
919,20中原银行CD325,99.35,1.6971,-95.24,1.6971,
920,20北京银行CD140,96.84,3.2501,,3.2501,
921,20北京银行CD141,96.84,3.2500,-7.61,3.2500,
922,20成都农商银行CD047,99.33,1.8007,,1.8007,
923,17青海债37,108.25,3.3600,3.0,3.3600,
924,20中兴通讯SCP007,99.99,2.2989,-100.18,2.2989,
925,20广晟SCP005,99.75,3.5112,-13.44,3.5000,
926,20乐清农商银行CD068,99.18,3.3502,,3.3502,
927,19河北银行CD174,96.84,1.7496,,1.7496,
928,20民生银行CD026,97.19,2.8998,-23.44,2.8998,
929,20乐清农商银行CD066,97.51,3.4000,,3.4000,
930,20浦发银行CD030,97.17,2.8997,-20.06,2.8997,
931,19兴业银行CD515,97.00,1.8487,,1.8487,
932,20华夏银行CD398,99.26,2.8502,-1.99,2.8502,
933,20晋商银行CD158,99.33,1.7533,-9.63,1.7533,
934,20民生银行CD414,98.56,2.8998,-22.02,2.8998,
935,19盐城交通MTN002,99.70,4.3592,-3.08,4.3592,
936,20钱投集团PPN002,99.22,4.2500,-0.04,4.2500,
937,18招商银行二级01,101.11,4.4805,-0.32,4.4805,
938,19华为MTN002,99.49,3.7700,1.0,3.7700,
939,20通用MTN001A,97.49,3.7900,-3.0,3.7900,
940,20中粮SCP003,99.85,3.0503,-25.94,3.0503,
941,20乌鲁木齐银行CD063,99.33,1.8499,,1.8499,
942,20盐城城投MTN001,98.36,4.3724,42.43,4.3712,
943,20中石化MTN002,98.08,3.5800,-5.77,3.5800,
944,14铁道04,105.99,3.5415,,3.5408,
945,16豫交投MTN002,101.44,7.6847,1.19,7.6847,
946,20渤海银行CD324,98.52,3.0299,,3.0299,
947,18进出13,100.58,2.9700,-9.93,2.9700,
948,20广州银行CD065,99.38,1.6503,-25.01,1.6503,
949,20世博土地PPN001,97.82,3.7052,-7.66,3.7052,
950,20北京银行CD158,97.34,3.6499,,3.6499,
951,20浦发银行CD506,97.68,3.1500,-20.82,3.1500,
952,18桂铁投MTN001,100.55,3.5892,-5.07,3.5800,
953,20温州高新PPN001,97.77,5.3628,-2.53,5.3628,
954,20光大银行CD093,98.34,1.6488,-35.16,1.6488,
955,19西宁经开MTN001,100.41,5.4017,19.62,5.4063,
956,15黔东湖建投债,58.60,7.5603,,7.5684,
957,16水城城投债,54.45,10.5548,,10.5615,
958,16六盘水住投债,58.75,7.0616,-1287.44,7.0685,
959,15曲靖麒麟债,39.59,6.1291,,6.1250,
960,20南航集SCP008,99.87,3.1004,-4.94,3.1004,
961,20江苏江南农村商业银行CD220,99.23,3.1496,,3.1496,
962,20乐清农商银行CD064,99.18,3.3499,,3.3499,
963,20东航股SCP023,99.99,1.9974,-30.42,1.9974,
964,20中国银行CD006,97.91,3.0001,-4.98,3.0001,
965,20农业银行CD043,97.54,4.5476,-0.63,4.5476,
966,20光大银行CD088,98.31,1.5522,-89.81,1.5522,
967,20天津银行CD393,98.38,3.2996,,3.2996,
968,20渤海银行CD495,97.57,3.3197,,3.3197,
969,20贴现国债46,99.49,1.4393,3.9,1.4319,
970,17川交投MTN001,101.90,7.4950,0.08,7.4950,
971,18进出22,102.69,4.2981,-4.0,4.2981,
972,20平安银行CD255,99.27,2.8997,-10.04,2.8997,
973,16璧山债,59.88,5.0769,-8.2,5.0754,
974,20汇金MTN010A,99.63,3.6331,-2.69,3.6474,
975,16恒天MTN001,83.50,26.6189,110.22,26.7880,
976,20鲁钢铁MTN004,99.38,5.0285,-24.41,5.0283,
977,20沪金桥SCP002,99.84,3.2898,1.0,3.2898,
978,20青岛海创PPN001,100.00,4.4481,,4.4479,
979,20进出02,98.66,3.0976,-0.47,3.0979,
980,19中石油MTN004,100.09,3.4400,-3.78,3.4396,
981,18川铁投MTN006,100.64,7.4092,0.11,7.4086,
982,20重庆银行CD049,97.72,3.1199,1.0,3.1199,
983,20电网CP003,99.85,2.9901,,2.9901,
984,20甬交投SCP004,99.87,3.5501,-4.97,3.5501,
985,19福建01,100.40,3.1900,9.47,3.1900,
986,18湘高速MTN002,100.55,3.6500,-10.0,3.6491,
987,18川能投PPN001,101.48,3.1822,30.54,3.1918,
988,20武汉商贸(疫情防控债)MTN002,97.20,6.1316,17.41,6.1316,
989,19荆门城投PPN003,99.77,5.0634,5.04,5.0634,
990,20东莞银行小微债,99.76,3.8781,-2.19,3.8917,
991,20内蒙古债42,100.25,3.2500,-7.0,3.2500,
992,18辽阳银行二级01,98.84,6.1883,,6.1870,
993,18北控集MTN001,101.38,3.7549,5.68,3.7549,
994,20宁河西MTN001,98.21,4.1320,,4.1320,
995,17常州投资MTN001,101.49,4.2712,20.54,4.2712,
996,17核风电GN001,101.92,7.1813,,7.1813,
997,19华为MTN001,99.50,3.7558,-13.14,3.7558,
998,20江苏银行CD114,97.10,2.9801,-37.0,3.0870,
999,16东航股MTN002,100.00,3.3500,-7.0,3.3800,
1000,19淮北矿MTN001,99.97,4.5949,57.09,4.6010,
1001,12豫铁投债,103.75,4.3232,,4.3204,
1002,17盐城交通MTN001,102.43,4.2631,-5.39,4.2600,
1003,20华侨城MTN002,97.61,5.8282,6.25,5.8282,
1004,18光大租赁债,100.59,3.4501,-21.08,3.4501,
1005,17扬州交通MTN001,102.01,4.0971,,4.1000,
1006,20首钢SCP007,99.63,3.4513,-3.99,3.4457,
1007,20沛县国资PPN002,100.00,5.6955,-37.98,5.6955,
1008,20哈尔滨银行CD315,98.14,3.7997,,3.7997,
1009,20中铝集SCP007,99.54,3.4301,-1.0,3.4239,
1010,18黄冈城投MTN002,100.74,4.7844,-0.99,4.7843,
1011,20武汉城投PPN002,98.16,4.3000,-11.84,4.3000,
1012,18大唐集MTN002,100.75,7.4721,-0.93,7.4726,
1013,19兴业银行二级02,98.99,4.2577,0.09,4.2577,
1014,19平安财险,101.47,4.9669,,4.9669,
1015,16鸠江建投债,59.53,4.6000,-4.19,4.6017,
1016,19中石油MTN005,99.33,3.7686,-3.14,3.7772,
1017,18朝阳国资MTN002,100.50,3.4300,-5.0,3.4300,
1018,18赣国资MTN002,102.73,4.0000,-4.26,4.0000,
1019,18兴业绿色金融02,100.63,3.2100,-6.43,3.2063,
1020,18河钢集MTN011,99.86,4.2800,-48.0,4.2806,
1021,19任棚改项目NPB,100.50,7.3006,4.95,7.3006,
1022,19宣城国资MTN002,99.63,4.3028,,4.3000,
1023,20宿迁经开SCP003,99.64,4.7429,1.0,4.7429,
1024,11石城投债,40.26,3.6498,17.89,3.6155,
1025,18武汉地铁GN001,102.13,4.3940,,4.3944,
1026,18南通高新PPN002,101.21,6.9050,-56.45,6.9062,
1027,17华发实业MTN002,101.92,4.0218,-2.82,4.0218,
1028,20长电SCP002,100.00,2.0488,4.58,2.0488,
1029,18陕煤化PPN002,100.56,4.0500,-4.0,4.0500,
1030,19百联集MTN002,100.40,3.6200,-2.62,3.6185,
1031,20秦皇岛银行二级01,94.01,5.5051,-0.01,5.5055,
1032,20招金SCP004,99.69,3.3503,-28.01,3.3594,
1033,18恒健MTN001,100.48,3.1499,-8.62,3.1499,
1034,20建设银行CD150,99.26,2.9198,-4.05,2.9198,
1035,18厦国贸PPN001,101.48,8.8043,2.19,8.8043,
1036,20国新租赁SCP011,99.53,3.7311,48.11,3.7213,
1037,19龙虎山MTN001,98.87,5.3185,6.72,5.3128,
1038,18珠海农商二级01,99.80,5.5283,1.79,5.5283,
1039,15国开10,103.20,3.4000,0.05,3.4000,
1040,20恒逸CP005,99.24,7.3500,5.58,7.3500,
1041,20长电科技MTN001,98.09,4.8924,,4.8900,
1042,20申迪MTN003,100.63,3.8210,-22.87,3.8210,
1043,16进出02,100.05,2.7699,-4.01,2.7638,
1044,09附息国债20,105.49,3.2700,,3.2700,
1045,20镜湖开发MTN001,98.17,4.0268,-2.51,4.0262,
1046,14十堰城投债,20.32,4.0900,-9.76,4.0792,
1047,19港绿01,101.17,4.8541,-34.59,4.8541,
1048,19常州投资MTN003,101.01,4.1470,-3.45,4.1470,
1049,20辽宁债32,99.91,3.3891,1.86,3.3896,
1050,20温岭债01,100.00,4.6901,0.05,4.6899,
1051,19鲁商MTN001,100.02,7.4762,-0.88,7.4748,
1052,17宜昌城控PPN001,102.17,4.1900,,4.1900,
1053,20扬州绿产SCP005,100.21,4.3820,-29.74,4.3820,
1054,18新海连MTN001,101.18,6.2016,-36.42,6.2024,
1055,18江北科技MTN001,100.80,6.1129,2.92,6.1129,
1056,20沪电力SCP022,99.91,3.0199,-2.02,3.0343,
1057,20万华化学SCP004,99.68,3.4500,1.0,3.4500,
1058,20中冶SCP004,99.99,2.0199,-38.04,2.1368,
1059,18中建八局MTN002,100.65,7.6318,1.0,7.6319,
1060,20云南水电GN001,99.71,4.0501,-4.99,4.0501,
1061,20佛公用MTN003,99.31,3.8635,,3.8632,
1062,18海南债05,100.47,2.8900,,2.8900,
1063,19中电建设MTN001B,99.68,6.4217,-0.95,6.4221,
1064,18远东租赁PPN001,100.32,3.6344,,3.6344,
1065,20石国投MTN001B,99.38,4.3015,0.06,4.3000,
1066,20中铝集SCP009,99.79,3.4118,-8.66,3.4118,
1067,20农发09,99.80,2.9050,-1.5,2.9157,
1068,18陕交建MTN004,101.77,7.6080,-13.62,7.6649,
1069,20中粮SCP002,100.00,2.2019,20.39,2.2019,
1070,20珠海华润银行CD048,96.78,3.4224,-5.98,3.4194,
1071,18浙能源MTN003,102.43,3.7400,0.19,3.7392,
1072,20青山湖PPN001,97.98,4.5759,-0.54,4.5759,
1073,20嘉兴现代(疫情防控债)PPN001,98.29,4.5313,-17.16,4.5313,
1074,18武义停车场专项债01,103.80,6.3478,-59.23,6.3478,
1075,19汇金MTN019,99.65,3.5073,-6.6,3.5057,
1076,19金川MTN001,99.97,4.1200,1.53,4.1200,
1077,18汇金MTN002,100.52,2.9692,-1.07,2.9692,
1078,20华夏银行CD458,96.94,3.1500,-9.97,3.1500,
1079,19温岭国资PPN002,100.47,4.5956,-5.22,4.5956,
1080,18余姚高铁PPN001,100.78,6.1801,,6.1342,
1081,19包钢MTN001,89.80,9.7812,370.34,9.6970,
1082,20农银租赁债01,100.16,3.8400,-5.91,3.8400,
1083,20钱投集团PPN001,98.81,4.2200,-8.66,4.2200,
1084,20山西债38,99.89,3.2600,4.0,3.2600,
1085,18华侨城MTN004,101.02,7.4214,9.97,7.4214,
1086,19玉山控股债01,102.55,6.1082,,6.1080,
1087,20宁波交运PPN001,98.37,5.6532,-27.78,5.6531,
1088,20宿迁城投MTN001,97.62,4.6016,0.03,4.5996,
1089,18津保投MTN006,92.38,10.0496,,10.0125,
1090,19日照港MTN003,100.43,7.7565,,7.7565,
1091,16东方电气MTN001,100.01,3.3800,-2.0,3.3769,
1092,18绿城房产MTN003,101.33,8.2330,-0.94,8.2338,
1093,18泰交通MTN001,100.53,3.7022,-8.84,3.7022,
1094,19中粮MTN001,99.68,6.3515,0.52,6.3517,
1095,20盐城资产MTN001,99.12,4.4672,-5.39,4.4672,
1096,16富和建设MTN001,99.90,4.7002,-15.93,4.7002,
1097,19九江城投MTN001,100.88,3.9432,-17.35,3.9427,
1098,19首农食品MTN001,100.04,3.7567,31.32,3.7584,
1099,16江东控股MTN001,100.27,3.7106,-1.33,3.7002,
1100,14川交投MTN001,102.02,3.6000,-5.0,3.5985,
1101,20富邦华一01,98.10,4.0800,-2.0,4.0800,
1102,19新建元MTN001,100.17,4.2402,1.98,4.2402,
1103,16扬州城建MTN001,99.94,3.5392,-25.43,3.5499,
1104,18中信银行二级02,101.55,4.5591,0.41,4.5547,
1105,20江岸国资SCP001,99.65,3.7526,-8.73,3.7463,
1106,18进出09,102.72,3.2200,-1.2,3.2192,
1107,20深圳特发SCP004,100.00,3.2997,,3.2997,
1108,16金地MTN002,100.04,3.3902,,3.3834,
1109,14毕节开源债,20.06,5.8699,1.0,5.8699,
1110,19华通国资MTN001,99.87,4.7315,-0.03,4.7308,
1111,17徐州高新MTN001,102.25,4.3528,-0.72,4.3514,
1112,20扬州化工SCP002,99.48,5.0467,,5.0433,
1113,18桂交投MTN001,100.47,3.6898,-1.04,3.6827,
1114,19南通滨海PPN001,100.58,5.6598,-54.02,5.6598,
1115,19苏国信MTN005,99.58,3.7100,4.0,3.7100,
1116,18四川债28,104.64,3.3650,,3.3650,
1117,20交通银行02,99.94,3.5200,-6.82,3.5143,
1118,20嘉兴滨海SCP003,99.67,4.0001,1.01,4.0001,
1119,19绍兴交投MTN003,100.40,3.8926,-17.0,3.8944,
1120,20西安银行二级01,96.84,4.7153,1.99,4.7153,
1121,20西安高新MTN004,98.81,4.2903,-40.85,4.2903,
1122,16保利地产MTN001,99.84,3.4545,-17.55,3.4524,
1123,20大同煤矿PPN006,97.23,6.6176,-39.11,6.6176,
1124,19鲁信创业MTN001,102.09,4.6994,-18.6,4.6994,
1125,18郑州经开PPN001,101.60,4.0018,-98.16,4.0018,
1126,20华鲁控股SCP001,99.55,3.4651,-15.49,3.4501,
1127,18京供销MTN001,99.73,5.7959,,5.7959,
1128,20人居地产PPN001,97.00,6.9788,25.64,6.9788,
1129,18兴城建MTN001,100.36,3.8174,-68.26,3.8174,
1130,18华润MTN001,102.19,3.6878,-0.22,3.6900,
1131,20国家能源MTN001,96.65,3.6700,-5.08,3.6712,
1132,18珠水环境MTN001,100.59,4.4137,-0.09,4.4128,
1133,20泰安城乡MTN001,98.24,4.7376,-1.51,4.7370,
1134,20宜宾叙州债,97.09,5.7328,,5.7328,
1135,20杭实投SCP001,99.42,3.5842,-3.57,3.5871,
1136,19宁波债05,100.60,3.2000,,3.2000,
1137,19青岛01,100.43,3.1900,-1.83,3.1900,
1138,18天恒置业MTN001,100.51,6.1021,1.67,6.1021,
1139,20徽商银行CD018,97.36,2.9801,-11.97,2.9801,
1140,17连云城建MTN001,102.30,4.2037,3.01,4.2000,
1141,16赣高速MTN002,100.50,3.6821,-5.79,3.6800,
1142,18张保实业MTN001,100.46,6.3027,-22.91,6.3040,
1143,20粤交投SCP001,100.00,2.3020,10.04,2.3020,
1144,20京汽股SCP002,99.99,2.0009,-59.85,2.0009,
1145,18南昌工业MTN001,100.45,5.6461,0.69,5.6449,
1146,20陕煤化SCP002,99.78,3.6212,-10.89,3.6316,
1147,20广州银行CD081,97.59,3.2974,,3.2974,
1148,20京能洁能SCP004,99.73,3.2904,-0.18,3.2852,
1149,20武汉航空MTN001,97.70,6.8116,,6.8116,
1150,18苏州高新MTN003,101.32,7.8609,,7.8604,
1151,18哈银租赁债01,100.46,4.1624,,4.1649,
1152,20建安投资MTN002,98.70,4.5419,1.38,4.5410,
1153,20贵阳银行CD162,97.82,2.9623,-38.74,2.9637,
1154,20农业银行CD029,97.85,3.0301,-6.0,3.0301,
1155,20乐山国资MTN001,99.02,4.3358,-13.92,4.3370,
1156,18湖北债11,100.61,2.9590,-0.09,2.9590,
1157,19宣城国资MTN001,102.38,9.1174,0.44,9.1167,
1158,18中建材MTN004,100.48,3.5200,1.0,3.4305,
1159,16瑞昌投资债02,59.42,6.1658,5.15,6.1654,
1160,20龙源电力SCP005,99.67,3.2102,-24.97,3.2102,
1161,20中交二航(疫情防控债)SCP001,99.98,2.6105,1.09,2.6105,
1162,20国联MTN001,97.98,3.9277,-5.23,3.9289,
1163,19广西北部湾银行CD220,96.38,1.8496,,1.8496,
1164,20川高速SCP007,99.72,3.4090,-8.1,3.3999,
1165,20济宁城投PPN001,100.17,4.8971,-10.29,4.9000,
1166,20工元至诚4C,108.44,,,,
1167,20中航租赁MTN003,99.05,4.3341,-1.82,4.3364,
1168,18内蒙古债03,104.73,3.0850,-15.5,3.0850,
1169,20甘公投MTN001,98.21,4.1565,,4.1565,
1170,16温州铁投专项债,99.70,3.8832,1.78,3.8832,
1171,18常城建MTN001,104.30,4.0882,-1.18,4.0882,
1172,17张家城投MTN001,103.66,4.0216,-13.1,4.0208,
1173,18光明MTN004,100.58,3.3536,-21.21,3.3500,
1174,19武清经开MTN002,100.75,6.5880,-67.59,6.5890,
1175,18豫能化MTN004,28.74,71.1184,-2401.93,70.5482,
1176,14金灌债,20.19,4.7296,78.27,4.7296,
1177,18华侨城MTN002,100.40,3.3962,-6.13,3.3900,
1178,20民生银行CD408,97.77,3.0500,,3.0500,
1179,20南通沿海SCP001,99.56,4.0830,0.04,4.0830,
1180,20光大集团MTN001,98.79,3.6676,-3.76,3.6700,
1181,20宁海交通PPN001,98.28,5.2002,-1.43,5.2002,
1182,18鲁国资MTN001,100.45,3.4919,-0.82,3.4919,
1183,12国信集团债,46.11,3.8206,-7.93,3.8206,
1184,19大华银行二级01,99.00,4.9402,1.0,4.9395,
1185,19南电MTN005,100.30,3.4200,-13.0,3.4200,
1186,19四川债35,100.23,3.3600,-1.0,3.3600,
1187,17建元1A2,61.87,,,,
1188,20太湖新城SCP011,99.89,3.3803,,3.3803,
1189,20浙江建投SCP001,99.68,3.9598,,3.9598,
1190,20武侯产业MTN002,98.76,4.2865,-0.63,4.2863,
1191,20东莞农村商业银行CD188,96.80,3.3000,-8.0,3.3000,
1192,19宜春管廊债,102.97,5.9738,0.1,5.9725,
1193,16长电MTN001,99.99,3.0995,1.0,3.0995,
1194,18建设银行二级02,101.60,4.4533,0.33,4.4533,
1195,20长城证券CP006,100.02,2.0009,-24.83,2.0009,
1196,20电网CP005,99.29,3.0501,-17.99,3.0501,
1197,20电网SCP030,99.65,3.0100,-6.0,3.0100,
1198,20汉口银行CD150,96.10,4.1000,50.0,4.1000,
1199,19中国银行二级01,99.16,4.0934,0.92,4.0934,
1200,19广东债05,99.91,3.2200,1.0,3.2200,
1201,19天津轨交MTN004,98.75,4.7000,38.0,4.7000,
1202,20光大银行CD103,97.68,2.9999,1.0,2.9999,
1203,20广州地铁MTN004,100.24,3.7518,0.18,3.7504,
1204,20广晟MTN004,99.69,4.0869,18.69,4.0869,
1205,16附息国债02,99.97,2.8003,27.07,2.8003,
1206,20广州高新SCP003,100.03,3.7542,-4.42,3.7542,
1207,20银川通联CP002,100.26,4.1000,1.0,4.1554,
1208,19南电MTN003,100.29,3.6300,-6.0,3.6300,
1209,20华菱集团SCP004,99.43,3.8800,3.0,3.8800,
1210,20民生银行CD520,97.72,3.0999,-23.01,3.0999,
1211,19光大租赁债,100.02,3.4700,-6.0,3.4700,
1212,20北京银行CD092,96.41,4.0523,-0.32,4.0523,
1213,20苏州高新SCP028,99.60,3.5000,-6.01,3.5000,
1214,19中建材MTN004A,99.74,6.4409,,6.4409,
1215,20光大银行CD122,98.10,2.9300,1.0,2.9300,
1216,16北控水务GN001,99.82,6.3439,7.2,6.3439,
1217,20招商蛇口SCP008,99.71,3.2000,-19.42,3.2000,
1218,20远东租赁SCP010,99.80,3.3898,-0.04,3.3898,
1219,20农业银行CD082,98.57,2.9498,-0.05,2.9498,
1220,20昆仑银行CD130,97.75,3.1500,,3.1500,
1221,14农发09,100.49,2.8998,1.0,2.8998,
1222,20华夏银行CD405,97.70,3.1201,-22.99,3.1201,
1223,18江苏债14,103.98,3.1500,-15.0,3.1500,
1224,20江苏债08,95.72,3.3800,4.0,3.3800,
1225,20浦发银行CD366,97.71,3.1800,1.0,3.1800,
1226,17无锡农商二级01,100.34,4.9380,3.86,4.9380,
1227,20淮安交通PPN001,100.34,4.8800,-2.25,4.8880,
1228,20广州银行CD008,97.17,2.9898,1.0,2.9898,
1229,20珠海华润银行CD002,96.94,3.0896,,3.0896,
1230,20国航SCP009,99.99,1.9998,-25.14,1.9998,
1231,20陕天然气MTN001,98.22,3.9319,4.94,3.9319,
1232,19新疆债22,99.15,4.0300,,4.0359,
1233,19新疆债21,101.52,4.0300,,4.0359,
1234,19华夏租赁01,99.75,3.7200,1.0,3.7200,
1235,20市北高新SCP004,99.81,3.5296,,3.5296,
1236,19宜兴城投PPN002,99.95,4.3024,-4.32,4.3024,
1237,15华能集MTN002,99.58,3.9000,1.0,3.9000,
1238,19首创集MTN001,100.86,3.9483,-0.34,3.9497,
1239,20杭州银行CD191,98.42,3.2301,8.0,3.2301,
1240,20杭州银行CD188,98.42,3.2401,19.02,3.2401,
1241,02国债05,95.29,3.4000,,3.4000,
1242,15益高新债,40.10,6.6031,,6.6031,
1243,15仁寿债,60.40,5.7189,,5.7189,
1244,20贵阳银行CD170,98.38,3.2996,,3.2996,
1245,19潜江城投债01,101.84,5.0000,74.75,5.0000,
1246,16神华MTN001,100.03,3.0490,4.92,3.0490,
1247,11国开58,101.17,2.9178,-1.22,2.9178,
1248,18中铝MTN001,100.55,3.3790,-1.19,3.3790,
1249,20平安租赁PPN006,99.86,4.3981,,4.3981,
1250,20长江开发CP001,99.61,5.4000,1.0,5.4000,
1251,20川能投MTN003,99.75,7.1780,1.56,7.1780,
1252,19附息国债08,100.86,3.9600,3.0,3.9600,
1253,18锡产业MTN001,100.51,3.4135,0.16,3.4135,
1254,18电科院MTN001,100.58,3.5968,-17.12,3.5968,
1255,20义乌国资SCP004,99.88,3.6003,-14.98,3.6003,
1256,20光大银行CD287,96.87,3.2200,-5.0,3.2200,
1257,20前碧桂园ABN001优先,100.01,,,,
1258,17湖北05,104.28,3.3150,-3.5,3.3150,
1259,19下城投PPN001,100.06,4.2723,-13.94,4.2723,
1260,19武汉车都PPN001,100.61,4.3459,4.93,4.3459,
1261,18中交建MTN002,100.74,7.0161,,7.0161,
1262,19中石油MTN001,100.45,3.6100,-6.0,3.6100,
1263,19中国银行CD121,96.99,1.4982,-5.23,1.4982,
1264,20兴业银行CD127,97.85,3.0299,-9.0,3.0299,
1265,20光大集团SCP023,99.89,3.1000,1.0,3.1000,
1266,20宿迁新城CP001,99.26,4.7341,,4.7341,
1267,20宿迁新城SCP002,99.45,4.7734,-2.08,4.7734,
1268,20北京银行CD083,98.59,2.8702,1.0,2.8702,
1269,20光大银行CD270,97.70,3.1301,1.0,3.1301,
1270,20腾越建筑SCP003,99.71,4.2682,-5.31,4.2682,
1271,20福建海峡银行CD174,98.31,3.4497,,3.4497,
1272,20华夏银行CD338,99.38,1.5023,-14.87,1.5023,
1273,16四川债26,99.86,2.9200,,2.9200,
1274,16湖南债08,99.07,3.1400,,3.1400,
1275,20南航股MTN001,98.64,3.7808,0.08,3.7808,
1276,20北京银行CD007,97.16,3.0300,0.02,3.0300,
1277,16附息国债15,99.90,2.8001,1.0,2.8001,
1278,20平高ABN001优先A3,98.17,,,,
1279,20浦鑫归航5优先,100.00,,,,
1280,16九台农商二级01,99.33,4.3293,4.29,4.3293,
1281,18东营银行二级01,101.30,5.9867,0.4,5.9860,
1282,15临汾投资PPN001,100.01,7.3254,17.2,7.3228,
1283,20华电股MTN001A,99.45,6.2400,-1.93,6.2400,
1284,20广晟MTN002,98.19,4.0000,-4.29,4.0012,
1285,17杭城建MTN001,101.58,3.7000,,3.7000,
1286,19贵阳银行绿色金融01,99.93,3.5870,-11.0,3.5885,
1287,19抚州投资MTN002,99.86,4.2148,-2.16,4.2133,
1288,20迪荡新投MTN002,98.62,4.5894,,4.5900,
1289,19宜春城投PPN001,101.80,5.4325,9.2,5.4317,
1290,20四川投资(疫情防控债)MTN001,98.40,3.5942,-0.15,3.5955,
1291,20国电江苏SCP002,99.86,3.3193,7.92,3.3193,
1292,19深业MTN001,99.79,3.7032,6.32,3.6995,
1293,19农发03,100.18,3.0523,-6.53,3.0757,
1294,18陕煤化MTN001,100.42,9.2107,,9.2113,
1295,18良渚文化MTN001,100.58,4.5511,-4.15,4.5511,
1296,20中广核MTN001,97.21,5.6852,-0.04,5.6852,
1297,20九龙江(疫情防控债)MTN003,97.90,6.4200,,6.4200,
1298,19南山开发MTN002,99.45,7.2857,,7.2857,
1299,20恒逸CP001,99.92,7.2934,66.54,7.2934,
1300,19镇江城建PPN002,99.87,5.9500,,5.9447,
1301,19中电投MTN012A,99.97,3.5589,-2.71,3.5589,
1302,20浦口康居MTN004,99.43,4.4519,-12.81,4.4510,
1303,18汾湖投资MTN001,101.57,4.1344,3.45,4.1372,
1304,19三峡GN003,99.77,3.5200,-5.0,3.5200,
1305,16滁州同创PPN001,100.11,5.1314,,5.1001,
1306,20中电投MTN001,98.42,3.6424,-4.21,3.6412,
1307,19高淳经开MTN002,101.61,5.6240,,5.6232,
1308,20陆金开SCP004,99.96,3.3450,-3.5,3.3509,
1309,20国信证券CP012,99.98,3.0363,3.66,3.0584,
1310,19物产中大MTN001,99.66,3.9843,1.0,3.9822,
1311,20平度城投MTN001,99.50,4.4653,17.6,4.4653,
1312,20大唐集MTN001,98.01,5.8032,-0.97,5.8037,
1313,20东莞银行CD113,97.72,3.1199,,3.1199,
1314,18合建投MTN001,101.98,3.7581,-4.19,3.7600,
1315,20太仓水务SCP007,99.61,4.3753,-8.11,4.3801,
1316,20招商蛇口MTN001A,98.37,3.7676,-1.0,3.7700,
1317,19滨江房产MTN001,100.61,5.0033,38.6,5.0003,
1318,20济源建投MTN001,98.29,4.5024,,4.5000,
1319,20浙商银行小微债01,98.70,3.5600,-6.0,3.5600,
1320,20中铁股MTN001A,98.40,3.0467,2.52,3.0445,
1321,20洛阳银行01,99.50,3.8700,-4.71,3.8690,
1322,20中国旅游MTN002,97.87,3.9987,-0.13,4.0000,
1323,16禹州债,59.54,5.4081,,5.4081,
1324,20重庆银行CD176,96.75,3.3500,1.0,3.3500,
1325,17余杭城建MTN001,101.77,3.7032,0.32,3.7000,
1326,20湛江建投MTN001,98.66,4.4500,47.7,4.4490,
1327,20中化工MTN003,98.10,4.0500,37.0,4.0488,
1328,14山西交投MTN001,101.07,4.4076,-8.97,4.4001,
1329,20附息国债07,96.07,3.9100,1.0,3.9100,
1330,18大唐集MTN003,100.93,7.0381,8.29,7.0374,
1331,19中石油MTN002,100.12,3.5076,-1.51,3.5059,
1332,19长城国兴租赁绿色01,100.10,3.9700,,3.9683,
1333,20珠海港SCP025,100.02,3.0314,-46.76,3.0314,
1334,18萧山国资MTN002,102.05,3.9000,-16.24,3.8988,
1335,19汉中城投MTN001,99.51,5.6500,,5.6514,
1336,20永业SCP004,99.70,3.7937,-5.16,3.7719,
1337,20新沂城投MTN001,102.09,6.5000,7.2,6.5000,
1338,16港闸棚改项目债,39.78,4.5271,9.05,4.5219,
1339,20济南高新SCP003,99.71,3.7525,-22.87,3.7614,
1340,19平顶发展MTN001,100.11,4.4296,-17.04,4.4296,
1341,19湖北文旅MTN001,100.14,4.5418,,4.5418,
1342,18天成租赁PPN001,100.73,4.9551,,4.9526,
1343,17含山债,81.16,5.4600,38.65,5.4600,
1344,14内江投资债,20.18,5.2597,1.0,5.2597,
1345,19蓝星MTN003,100.13,7.8857,5.26,7.8857,
1346,19山西建投MTN001,100.28,4.6643,16.02,4.6622,
1347,20浦口康居PPN001,100.24,4.6779,10.21,4.6790,
1348,18格力地产MTN003,101.12,5.2072,,5.2000,
1349,19上实MTN001,99.90,3.5743,,3.5700,
1350,19洛阳城投MTN003,100.10,4.1610,,4.1600,
1351,18京城建MTN002,100.55,8.7653,0.74,8.7650,
1352,16华润置地MTN001(5年期),100.08,3.3637,-14.64,3.3712,
1353,18天易PPN001,100.00,7.4981,-1.11,7.4923,
1354,20柳州东投CP002,99.39,5.9500,,5.9475,
1355,20华夏银行小微债01,99.23,3.4925,-4.75,3.4935,
1356,20国际港务SCP014,99.96,3.3499,,3.3453,
1357,20苏国信SCP018,99.53,3.2501,-24.99,3.2441,
1358,20浦发银行CD217,98.10,2.9501,-15.98,2.9501,
1359,16南昌水投MTN001,101.64,3.7549,,3.7525,
1360,18创元投资MTN001,100.93,4.4346,,4.4323,
1361,14农发28,100.82,2.7999,-15.01,2.7999,
1362,18海宁资产MTN002,101.91,4.2800,1.0,4.2800,
1363,16京水投MTN001,99.96,3.3653,-6.74,3.3782,
1364,20甘国投MTN003,97.33,4.3600,0.85,4.3598,
1365,20银川通联MTN002,99.07,4.6349,,4.6349,
1366,20津渤海MTN001,96.70,5.0109,63.74,5.0109,
1367,14乐山国资债,20.26,4.1098,-3.7,4.0981,
1368,20兴荣控股MTN001,98.55,5.8754,,5.8751,
1369,20福州城投MTN001,99.26,4.0486,-2.27,4.0493,
1370,18萧山钱江MTN002,100.58,5.6079,-0.54,5.6112,
1371,19徽商银行CD126,96.93,1.6478,-3.08,1.6478,
1372,19华发集团MTN002,100.05,4.2383,,4.2400,
1373,19泰州城建MTN001,101.96,4.0901,34.55,4.0901,
1374,18农十二师MTN002,101.69,4.7264,-3.36,4.7200,
1375,14铁道10,104.70,3.5500,-4.13,3.5500,
1376,19宁波银行01,100.20,3.3100,-17.01,3.3077,
1377,17农发15,105.13,3.5194,-1.06,3.5201,
1378,18光明MTN002,100.45,3.2901,-15.42,3.2872,
1379,18泰隆商行二级,102.00,5.6660,3.01,5.6660,
1380,20兴业银行CD303,97.01,3.1800,-1.0,3.1800,
1381,19桂林银行CD377,96.42,1.9994,,1.9994,
1382,18温工投MTN001,100.51,4.6099,-1.02,4.6172,
1383,20邯郸城发专项债02,100.45,4.9700,-21.88,4.9700,
1384,18首钢MTN003,100.57,3.5554,-12.46,3.5577,
1385,20鲁招金SCP003,99.99,2.3504,-64.95,2.3504,
1386,20泰山投资PPN001,100.09,4.9088,-2.1,4.9088,
1387,20海淀国资MTN001,96.32,4.8700,27.0,4.8700,
1388,20九江城发PPN001,98.77,4.9892,34.25,4.9894,
1389,19高淳经开MTN001,101.59,4.6500,16.15,4.6500,
1390,20兴业银行CD495,99.26,2.9201,-32.99,2.9201,
1391,14中山交通债,20.25,3.9011,,3.8878,
1392,20江苏铁路GN001,98.00,3.9200,1.0,3.9200,
1393,20恒澄建设SCP001,99.74,4.1290,34.15,4.1290,
1394,20豫高管MTN002,95.81,4.2599,-2.14,4.2599,
1395,18盛裕投资MTN001,100.58,6.7924,1.14,6.7915,
1396,19抚州投资MTN001,100.53,4.4800,0.03,4.4790,
1397,20晋商银行,98.06,3.8717,,3.8717,
1398,17昆银桥债,82.22,4.2189,-3.01,4.2189,
1399,20盐城交通MTN002,98.42,4.4205,-0.17,4.4205,
1400,16荆州城投债,59.68,4.4042,23.42,4.4042,
1401,18苏交通MTN002,100.50,3.2596,-8.04,3.2714,
1402,18朝阳国资MTN001,100.49,3.2696,-6.68,3.2799,
1403,18珠海港MTN001,100.75,9.3904,1.0,9.3904,
1404,19长交绿色债02,101.45,5.4738,30.08,5.4738,
1405,20黄石众邦MTN001,99.44,4.8216,2.55,4.8216,
1406,16镇江城建MTN002,99.62,4.7500,3.01,4.7469,
1407,17云工投MTN001,98.49,6.9602,-2309.5,6.9586,
1408,20进出04,99.83,2.7398,-5.06,2.7398,
1409,20江苏银行CD007,97.12,2.9503,-34.99,2.9503,
1410,20龙源电力SCP012,99.99,2.1523,15.36,2.1523,
1411,20中国银行永续债01,95.09,4.6584,2.98,4.6584,
1412,18大丰海港MTN001,100.09,6.8048,1.64,6.8048,
1413,18附息国债28,100.70,3.0650,-3.55,3.0861,
1414,19厦门特房MTN001,100.57,8.3817,-1.94,8.3808,
1415,19融和融资ABN002优先A,25.11,,,,
1416,16国开05,98.42,3.9400,-1.5,3.9839,
1417,20阳煤CP019,99.10,5.2427,-35.92,6.0776,
1418,19邯郸交建MTN001,100.22,4.3296,40.22,4.3296,
1419,19外滩PPN002,99.81,4.1543,1.41,4.1543,
1420,16民生银行二级,100.03,3.4924,-0.21,3.4924,
1421,20汇金MTN004,97.10,3.7700,-6.0,3.7700,
1422,19陕延油MTN005,100.27,6.7091,-0.95,6.7091,
1423,12国开01,100.88,3.0228,-9.98,3.0228,
1424,20水电五局MTN001,100.00,7.9925,0.04,7.9925,
1425,20西安高新MTN008,101.84,8.0942,-2.83,8.0942,
1426,18浙资运营MTN001,100.51,3.3001,1.0,3.2983,
1427,20吉林高速MTN006,97.65,5.2551,37.38,5.2551,
1428,20兖矿(疫情防控债)CP001,99.82,3.5999,-26.73,3.5999,
1429,20海沧投资SCP001,99.81,4.0269,,4.0269,
1430,20赣铁投MTN002,99.62,3.9882,-1.37,3.9882,
1431,20漳泽电力SCP006,99.92,4.8936,1.0,4.8936,
1432,20瑞泽质享1优先,75.86,,,,
1433,20中油股MTN001,97.40,3.5977,-2.16,3.5977,
1434,19自贡国资MTN002,101.07,6.6868,19.29,6.6868,
1435,16乌城投MTN001,99.80,3.6500,1.0,3.6500,
1436,19盐城高新PPN002,100.45,6.0059,23.51,6.0001,
1437,18阳煤PPN003,99.65,5.3500,-86.58,5.3455,
1438,18晋能MTN002,100.45,6.1329,-6.48,6.1322,
1439,18潞安MTN003,100.74,4.2756,-72.43,4.2733,
1440,19中建一局MTN001,101.01,7.4643,7.73,7.4643,
1441,20上海债23,99.72,3.1750,-5.5,3.1750,
1442,17海南债11,102.18,2.9700,-5.5,2.9700,
1443,20宁河西PPN001,99.72,3.5791,-59.03,3.5791,
1444,20汇金MTN001,99.20,3.5500,-5.57,3.5500,
1445,20福耀玻璃SCP005,99.87,3.4997,,3.4997,
1446,20武汉车都CP001,99.47,3.7200,16.33,3.7200,
1447,20惠VABN004优先A2,100.00,,,,
1448,19宜兴环保MTN001,100.09,4.9618,-0.34,4.9618,
1449,18南电MTN001,102.89,3.5500,-7.0,3.5500,
1450,18胶州湾MTN002,101.46,4.4582,-0.44,4.4588,
1451,18交银租赁债02,100.56,3.4600,-65.0,3.4600,
1452,20洛阳银行CD049,97.50,3.1901,-21.0,3.1901,
1453,16中材集MTN002,100.12,3.6932,-1.35,3.6932,
1454,20长沙先导MTN001A,97.85,3.9775,,3.9775,
1455,20海发集团MTN001,99.30,5.2973,-2.23,5.2969,
1456,20广西旅发MTN001,97.76,5.1600,,5.1614,
1457,17华融二级资本债01,101.34,4.7020,0.65,4.7020,
1458,14赣高速MTN002(7年期),100.70,3.3200,1.0,3.3200,
1459,20张家城投PPN001,99.86,4.2487,-4.62,4.2487,
1460,20中金集MTN002,97.50,5.8387,0.1,5.8387,
1461,20甬交投SCP007,99.73,3.3502,-19.99,3.3502,
1462,19西基投MTN001,99.41,4.1481,0.67,4.1481,
1463,20中燃投资SCP003,100.00,2.3480,-55.08,2.3480,
1464,17滨江新城债,81.34,5.5635,,5.5635,
1465,20鄂交投SCP007,99.75,3.2997,-12.74,3.2997,
1466,20国泰君安CP011,99.76,4.5145,1.0,4.5145,
1467,18柯桥轻纺MTN003,100.60,4.0382,-1.18,4.0382,
1468,18市北高新MTN002,100.50,4.3910,0.52,4.3910,
1469,20邵阳城投PPN002,99.67,6.5724,,6.5724,
1470,19柳州东城债,101.32,5.7888,-15.6,5.7888,
1471,20泉州交通MTN001,98.61,3.8600,-29.0,3.8600,
1472,19佛山燃气MTN001,99.66,3.7963,-5.86,3.7963,
1473,19芯鑫租赁MTN001,99.86,4.0376,18.6,4.0376,
1474,18芙蓉城投PPN002,100.61,5.6996,-0.02,5.6996,
1475,17首钢MTN002,101.87,3.7500,0.4,3.7500,
1476,20南浦口MTN001,97.83,3.7555,-12.25,3.7555,
1477,20沪地产(疫情防控债)PPN001,97.88,3.7360,-2.68,3.7360,
1478,19国开12,99.96,2.8800,-7.01,2.8800,
1479,16淮安交通MTN001,100.12,10.0199,7.05,10.0199,
1480,18惠山经发MTN001,100.80,9.1743,1.51,9.1743,
1481,19金隅MTN003,100.03,4.1199,-0.01,4.1199,
1482,20南电MTN004,98.49,3.6108,0.08,3.6108,
1483,20中信银行CD149,98.61,2.8453,-0.46,2.8453,
1484,20陕西旅游CP001,99.28,7.5001,0.01,7.5001,
1485,20惠致ABN002优先A1,99.45,,,,
1486,20荣盛ABN001优先,99.46,,,,
1487,20平高ABN001优先A2,98.82,,,,
1488,14首发债,101.26,4.1157,1.0,4.1157,
1489,20镇江城建CP003,99.50,4.8452,,4.8452,
1490,18恒信租赁MTN001,100.54,3.7000,-19.99,3.7000,
1491,20惠致ABN001优先A1,99.38,,,,
1492,17并国投PPN001,102.35,3.6464,,3.6482,
1493,18海淀国资PPN002,100.00,4.8008,-9.92,4.8029,
1494,20国开04,99.48,3.5250,1.0,3.5256,
1495,19中电信MTN002,100.03,3.3800,-7.27,3.3800,
1496,19粤铁建MTN002,99.86,3.8068,-4.16,3.8068,
1497,18龙岩汇金MTN001,100.80,4.8070,-0.01,4.8048,
1498,20杭金投SCP005,99.68,3.7002,-40.0,3.7002,
1499,16华能集MTN006,99.72,3.3700,-2.53,3.3671,
1500,18禅城城建债01,101.72,4.7698,,4.7710,
1501,20昆明空港CP001,99.57,5.4901,,5.4901,
1502,19武汉城投PPN001,100.15,4.2000,0.15,4.2009,
1503,18国新控股MTN002,100.64,3.4000,-3.34,3.3971,
1504,19扬州经开MTN004,100.64,4.1656,,4.1701,
1505,14农发42,101.39,2.9000,-0.01,2.9000,
1506,16广州地铁MTN001,100.03,3.2165,-10.36,3.2082,
1507,20龙岩投资SCP002,99.47,4.6483,78.32,4.6401,
1508,17京国资MTN001,101.81,3.5400,-16.31,3.5382,
1509,19融和融资PPN002,100.02,4.5700,-14.47,4.5700,
1510,19国开投MTN002A,99.70,3.5469,12.69,3.5469,
1511,14十二师债,100.88,4.6501,1.0,4.6501,
1512,19龙翔投资PPN001,97.56,9.5738,-48.16,9.5760,
1513,19南国置业MTN002,100.85,4.7154,1.54,4.7154,
1514,20中电海康SCP002,99.76,3.2797,,3.2648,
1515,16扬州交通MTN001,100.06,3.6204,-0.08,3.6313,
1516,16电建地产MTN001,100.11,3.7133,21.47,3.7001,
1517,16金鑫债02,59.47,4.3645,-6.2,4.3645,
1518,20华夏幸福MTN002,78.20,11.8514,617.07,11.8514,
1519,16平阳债,59.98,4.9999,-10.83,4.9999,
1520,19中电投MTN012B,100.11,3.8400,-6.15,3.8400,
1521,20乌经建SCP001,99.64,4.1545,-0.92,4.1545,
1522,20荆州城投MTN002,98.03,4.0922,-2.12,4.0922,
1523,20保利文化SCP004,99.70,3.9773,,3.9773,
1524,20成华棚改SCP001,99.56,4.1176,,4.1176,
1525,20晋能MTN001,98.42,5.1500,75.0,5.1500,
1526,18嘉湘绿色债,103.50,4.7500,3.0,4.7514,
1527,19河南农开MTN002,100.32,4.3138,-12.62,4.3142,
1528,19苏国泰MTN001,99.67,4.4845,24.12,4.4848,
1529,19烟台港PPN003,100.18,4.1999,-35.0,4.1999,
1530,20华电江苏SCP009,99.64,3.4200,-21.0,3.4200,
1531,19榆林城投PPN001,100.37,4.6500,,4.6519,
1532,20蓉城文化SCP002,99.73,3.8199,2.32,3.8174,
1533,18杭经开MTN001,100.47,3.6974,0.01,3.6937,
1534,18鲁高速MTN001,100.72,8.2675,,8.2667,
1535,19三一MTN001,99.56,4.1500,,4.1500,
1536,18中石油MTN001,100.31,3.2865,1.65,3.2833,
1537,19泸州窖MTN003,99.56,3.7043,-0.82,3.7026,
1538,20厦港务MTN004,99.51,3.8100,1.0,3.8088,
1539,19国开09,100.02,3.4942,-0.75,3.4946,
1540,20广西北部湾银行CD382,99.21,3.2002,,3.2002,
1541,17金隅MTN001,102.11,7.3749,0.78,7.3749,
1542,16六安城投MTN002,50.15,4.0863,1.01,4.0733,
1543,20达州银行CD247,96.37,3.8001,0.01,3.7969,
1544,20广晟MTN001,99.25,4.0100,5.75,4.0085,
1545,20大同煤矿MTN001,95.64,6.2457,,6.2457,
1546,19鄂联投MTN005,101.70,7.6690,,7.6690,
1547,16华靖资产MTN001,100.14,4.4195,-7.04,4.4148,
1548,20晋焦煤MTN006,98.95,6.7507,1.08,6.7513,
1549,19深圳创投MTN001,99.63,4.1979,,4.2000,
1550,20中国水务SCP001,99.85,3.4026,0.27,3.4026,
1551,19中核MTN001,100.32,3.7683,9.81,3.7683,
1552,16南宁城投MTN001,100.00,3.7701,0.02,3.7767,
1553,19溧水城建MTN001,100.60,4.5538,1.46,4.5517,
1554,20中南建设SCP001,99.52,7.8115,0.68,7.8058,
1555,15九江城投债,40.57,3.8940,-25.6,3.9102,
1556,20水利十四CP001,99.78,3.4642,-17.49,3.4722,
1557,20渝文资MTN001,97.24,4.6080,,4.6080,
1558,18磁湖高新PPN002,100.77,5.6000,1.0,5.6000,
1559,20阳煤CP017,98.80,5.5306,0.46,5.5306,
1560,17新盛建设MTN001,102.19,7.8064,,7.8060,
1561,20伊犁财通MTN001,98.94,4.5331,0.31,4.5316,
1562,20西安银行CD028,97.69,3.1000,-14.01,3.1000,
1563,19乌经开PPN001,100.87,4.6600,9.33,4.6600,
1564,17富通MTN001,98.84,8.2630,-6.59,8.2595,
1565,20山煤MTN003,97.84,7.0000,48.83,7.0016,
1566,18保利房产MTN001,100.45,3.2500,-10.0,3.2500,
1567,18湖北科投PPN002,101.07,4.1551,3.51,4.1551,
1568,20西江SCP005,99.71,5.1999,-3.87,5.2198,
1569,14北国资MTN001,102.25,3.4000,,3.4000,
1570,20建发集SCP001,99.94,2.7000,-45.98,2.7000,
1571,19宜春交通MTN002,101.83,5.0273,-2.56,5.0273,
1572,18王府井集MTN001,100.63,3.5173,-10.27,3.5137,
1573,18东南投资PPN001,99.59,4.6500,1.0,4.6500,
1574,16襄阳建投PPN002,100.28,3.9000,-32.08,3.8981,
1575,20贴现国债38,98.74,2.8297,0.95,2.8297,
1576,20贴现国债40,98.75,2.6801,-4.38,2.6801,
1577,20招商蛇口SCP007,100.02,2.1000,-29.97,2.1000,
1578,20海鸿投资MTN001,98.72,4.5319,1.84,4.5319,
1579,20大足国资CP001,99.83,4.6254,-2.45,4.6254,
1580,20渤海银行CD412,99.25,3.0001,0.01,3.0001,
1581,19广元建设债01,100.62,7.2997,-0.03,7.3005,
1582,20佛燃能源SCP002,99.74,3.4498,-13.03,3.4421,
1583,20中电海康SCP001,99.87,3.3025,-17.74,3.3025,
1584,19玉山控股债02,100.88,6.2077,,6.2075,
1585,16农发07,100.22,3.1700,-8.0,3.1700,
1586,11附息国债05,108.18,3.7300,-2.25,3.7300,
1587,20宁经开MTN001,101.55,6.0372,33.38,6.0369,
1588,17济西城投MTN002,101.89,7.5391,,7.5391,
1589,19如皋经开MTN002,101.88,4.3547,,4.3524,
1590,19巴中国资MTN002,100.32,7.4009,-11.24,7.4003,
1591,18苏国信MTN003,100.54,3.2699,-18.01,3.2740,
1592,19嘉兴秀洲PPN001,101.20,4.3484,-39.66,4.3475,
1593,20邢台路桥CP001,99.36,5.3450,-3.69,5.3475,
1594,19大同煤矿PPN001,99.42,5.6226,38.0,5.6226,
1595,15椒江债,40.75,4.3100,-4.01,4.3029,
1596,18美凯龙MTN002,85.00,52.3974,4269.74,52.1300,
1597,20吉安城建MTN001,99.20,5.0983,4.69,5.0997,
1598,20荆门城建CP001,99.66,4.0700,-2.27,4.0700,
1599,18华能MTN001,100.57,3.2426,,3.2314,
1600,20均瑶MTN003,97.23,7.4964,-1.43,7.4976,
1601,18普陀山MTN001,100.41,3.8085,,3.8043,
1602,19阳煤MTN002,99.03,5.6580,120.8,5.6580,
1603,20盐城高新CP002,99.60,4.9542,-12.16,4.9600,
1604,20衡阳水投MTN002,99.00,5.2275,-0.1,5.2268,
1605,20福建海峡银行CD172,97.44,3.4996,,3.4996,
1606,16六安城投MTN001,50.00,3.8800,-7.82,3.8945,
1607,20泉州银行CD094,97.44,3.4996,,3.4996,
1608,20杭金投MTN001,99.09,4.1447,0.04,4.1447,
1609,20广州城投MTN001,101.07,3.7485,-0.03,3.7485,
1610,19自贡国资MTN001,101.22,6.3736,0.26,6.3731,
1611,19国兴投资MTN001,100.15,3.8558,,3.8501,
1612,20杭金投SCP004,99.82,3.3502,,3.3502,
1613,20民生银行CD183,97.85,2.9999,-11.01,2.9999,
1614,18江北新城PPN001,100.69,4.8799,-12.0,4.8799,
1615,20湘高速MTN002,98.19,3.5783,-2.76,3.5777,
1616,20晋江城投债02,101.44,4.8994,,4.9000,
1617,20东莞农村商业银行CD193,99.23,3.1299,,3.1299,
1618,20包钢集SCP002,99.88,6.4401,143.33,6.3879,
1619,20深业SCP006,99.97,3.3001,,3.3001,
1620,18南电MTN002,100.70,3.0609,,3.0499,
1621,20武侯产业PPN001,97.81,4.4604,-5.79,4.4596,
1622,20耀皮玻璃SCP001,99.93,3.8797,39.51,3.8797,
1623,20中建五局MTN001,96.90,6.0593,-0.36,6.0593,
1624,20德清联创债01,100.00,4.9998,,4.9998,
1625,20大连万达MTN004,100.40,5.2004,-70.41,5.1996,
1626,18邯郸城投PPN002,100.55,4.1001,-182.16,4.1050,
1627,19兆润投资MTN001,100.14,4.0962,-2.11,4.0962,
1628,19兆润投资MTN002,100.14,4.0962,-2.11,4.0962,
1629,19三峡GN001,100.14,3.8018,1.0,3.8000,
1630,20浦发银行CD389,97.78,3.0500,,3.0500,
1631,20中化工MTN007B,95.69,4.4016,0.16,4.4008,
1632,20首钢MTN005,98.83,6.7259,,6.7257,
1633,20河钢集MTN009,97.78,4.7500,4.93,4.7500,
1634,16中核MTN001,100.08,3.2387,-16.13,3.2500,
1635,20民生银行CD054,97.32,2.8999,-24.0,2.8999,
1636,14当阳债,20.27,4.6895,,4.6895,
1637,18江北产投债01,106.17,4.2000,,4.2000,
1638,19淄博城运MTN001,100.00,4.2979,39.79,4.3000,
1639,18平安租赁MTN001,100.72,3.7242,-2.58,3.7201,
1640,20东兴证券CP009,99.99,3.0999,-30.03,3.0999,
1641,16伊犁财通MTN001,99.95,4.0337,,4.0337,
1642,18淮安开发MTN003,100.51,4.4760,,4.4760,
1643,20鼎力实业MTN001,98.62,6.8375,,6.8375,
1644,18金地MTN002,100.63,3.5000,-19.88,3.5060,
1645,20厦港务MTN006,99.85,3.8322,-31.78,3.8300,
1646,20建设银行CD060,97.07,3.1001,10.02,3.1001,
1647,20衡阳城投CP001,99.47,3.8138,0.01,3.8069,
1648,15闽高速MTN002,102.31,3.5541,,3.5521,
1649,19四川债85,100.54,3.1900,1.0,3.1900,
1650,19苏科技城MTN001,103.00,4.7093,,4.7093,
1651,16恒信租赁MTN002,100.02,7.3507,1.45,7.3507,
1652,20濂溪城投PPN001,100.00,6.2998,-0.01,6.2998,
1653,18如皋经开MTN003,101.71,4.3156,0.56,4.3156,
1654,18晋煤GN002,100.42,3.7910,-215.89,3.7910,
1655,20兴业银行小微债05,99.79,3.5300,-0.5,3.5300,
1656,19兴业绿色金融01,100.29,3.3500,4.84,3.3500,
1657,20赣州银行绿色金融02,99.70,4.0000,1.0,4.0000,
1658,20宁夏国资SCP007,99.46,3.7700,,3.7700,
1659,17蓉经开MTN002,102.13,4.3353,-2.62,4.3339,
1660,20青岛军民MTN001,98.91,4.3542,,4.3542,
1661,19瘦西湖MTN001,100.33,4.0000,-10.0,4.0000,
1662,20顺德投资CP001,100.00,4.6441,-0.12,4.6441,
1663,19江北新城PPN002,101.08,5.1725,-18.63,5.1725,
1664,19海国鑫泰MTN002,55.00,67.4822,16.17,67.0392,
1665,17南通经开GN002,102.55,4.5033,,4.5017,
1666,18鲁宏桥MTN006,89.40,32.9264,996.31,31.3892,
1667,20温州银行CD057,97.29,2.4031,-106.68,2.4031,
1668,19中电信MTN001,100.06,3.3600,-4.0,3.3600,
1669,19进出09,99.97,2.9330,-4.4,2.9330,
1670,12青国投MTN3,33.50,85.9353,3135.33,85.9353,
1671,16附息国债20,99.42,2.9700,-5.0,2.9700,
1672,16附息国债04,98.82,3.1000,-0.5,3.1000,
1673,20抗疫国债01,97.04,3.1200,1.1,3.1200,
1674,14国开10,100.87,2.7799,-9.81,2.7799,
1675,19丽水城投MTN001,100.56,4.2294,-3.88,4.2294,
1676,16渝惠通MTN001,99.24,4.3909,-2.21,4.3909,
1677,20重庆银行CD174,96.79,3.3000,-4.0,3.3000,
1678,16华润MTN002,100.03,3.0861,-1.4,3.0861,
1679,15进出04,101.06,2.9727,-1.73,2.9727,
1680,20河钢集CP003,99.56,4.4000,34.52,4.4000,
1681,20苏豪MTN001,98.30,4.6932,-0.31,4.6932,
1682,20青岛世园MTN001,98.58,4.0668,4.63,4.0668,
1683,20龙湖拓展MTN001A,99.05,4.3379,,4.3379,
1684,20中交天津MTN001,98.63,7.4429,-9.25,7.4429,
1685,20长江出版(疫情防控债)MTN001,98.15,3.9136,-0.44,3.9136,
1686,20泰州滨江SCP001,99.83,5.1498,36.96,5.1376,
1687,20荆门高新PPN002,100.30,5.9363,0.19,5.9363,
1688,18中化工MTN001,100.18,3.4601,0.02,3.4601,
1689,20长江出版MTN002,97.51,3.8014,-2.66,3.8014,
1690,20四川债126,100.24,3.1699,-4.01,3.1699,
1691,19民泰商行小微债02,100.29,4.1100,,4.1100,
1692,20华发实业MTN003,100.06,4.5500,-17.0,4.5500,
1693,18浙交投MTN001,100.43,3.3956,-0.87,3.3956,
1694,18江西13,100.55,2.7999,14.15,2.7999,
1695,20苍南国投MTN001,98.06,4.9236,0.12,4.9236,
1696,20皖能源SCP002,99.97,3.1801,-31.98,3.1801,
1697,18南京交建MTN001,100.44,3.5756,-1.18,3.5756,
1698,18上海电气MTN001,100.47,3.4341,-1.09,3.4341,
1699,16大连万达MTN001,99.68,4.6624,-5.65,4.6624,
1700,18山西债21,100.53,2.9501,-0.99,2.9501,
1701,15石狮城投债,40.59,4.3299,,4.3299,
1702,20淮南城投绿色债,97.90,5.5524,11.48,5.5524,
1703,20江苏债06,96.23,3.2500,,3.2500,
1704,17光大银行二级01,101.08,4.3953,1.97,4.3953,
1705,20中油股MTN002,97.43,3.5872,-4.1,3.5872,
1706,17浙国贸MTN002,102.36,4.1900,27.0,4.1900,
1707,17华发实业MTN003,102.72,3.7685,-0.48,3.7685,
1708,18南京银行03,100.62,3.2700,-5.0,3.2700,
1709,20宜兴城投PPN001,100.15,4.1027,,4.1027,
1710,16苏国信MTN001,99.79,3.3400,-4.48,3.3400,
1711,20山东公用MTN001,98.63,5.6600,,5.6600,
1712,20居然之家MTN002,99.28,5.7796,,5.7796,
1713,20居然之家MTN001,99.26,5.7882,-7.57,5.7882,
1714,18通泰控股MTN002,101.63,4.5800,-7.41,4.5800,
1715,20苏交通MTN005,100.05,3.6977,-12.23,3.6977,
1716,17晋江城投PPN001,101.92,4.0955,-7.01,4.1000,
1717,19沛县城投PPN001,100.71,5.8152,13.84,5.8152,
1718,20华夏银行CD061,97.29,2.9000,-20.01,2.9000,
1719,19鲁钢铁MTN006,99.35,4.9361,1.22,4.9361,
1720,19汉江国投停车场债,103.13,4.3292,-8.08,4.3292,
1721,17中关科技MTN002,101.77,5.0836,0.71,5.0836,
1722,18兖州煤业MTN001,100.58,3.8000,0.85,3.8000,
1723,18附息国债19,102.57,3.1600,1.0,3.1600,
1724,20河北高速SCP001,100.00,2.2999,,2.2999,
1725,16农发18,100.81,3.4100,0.08,3.4100,
1726,18萧山钱江MTN001,100.00,6.0634,26.67,6.0634,
1727,18新水国资MTN001,101.35,4.6838,-3.28,4.6838,
1728,18附息国债14,100.29,2.6799,-12.0,2.6799,
1729,20大同煤矿PPN007,96.80,6.4386,75.52,6.4391,
1730,20开乾投资MTN001,99.04,6.7328,3.57,6.7328,
1731,18中普天MTN001,100.45,5.6372,,5.6372,
1732,18津保投MTN013,98.97,6.0457,4.96,6.0457,
1733,20大同煤矿PPN003,97.60,6.3827,64.03,6.3832,
1734,15宜春创投债,40.50,4.9740,67.51,4.9740,
1735,17益阳城投PPN002A,101.19,6.2008,-17.52,6.2008,
1736,19湘环科园PPN001,100.96,6.0554,-0.72,6.0554,
1737,19永州城投PPN001,103.23,5.4693,17.21,5.4693,
1738,20南新工CP001,99.76,3.3801,-3.98,3.3801,
1739,20德清联创MTN001,98.90,6.0890,0.03,6.0890,
1740,18首钢MTN004,100.54,4.0746,-3.51,4.0746,
1741,16华能集MTN005,99.84,3.3269,-6.65,3.3269,
1742,18厦钨MTN002,100.40,3.7736,,3.7736,
1743,18附息国债17,102.28,3.8350,-1.5,3.8350,
1744,20民生银行CD195,97.78,3.1811,1.06,3.1811,
1745,17攀投专项债,54.30,31.6187,3.6,31.9618,
1746,18冀中能源PPN001,69.40,381.0234,172.14,379.3043,
1747,15沪闵行债,40.62,3.7244,-12.57,3.7244,
1748,15鲁高速MTN003,98.13,4.2000,1.0,4.2000,
1749,20阳煤CP016,98.84,5.4800,,5.4800,
